"indicator","country","iso2c","iso3c","year","NY.GDP.MKTP.KD.ZG","NY.GDP.MKTP.CD","NY.GDP.PCAP.CD","FP.CPI.TOTL.ZG","SL.UEM.TOTL.ZS","NE.EXP.GNFS.CD","NE.IMP.GNFS.CD","BX.KLT.DINV.CD.WD","SP.POP.TOTL","SP.URB.TOTL.IN.ZS","SP.DYN.LE00.IN","SE.ADT.LITR.ZS","SI.POV.NAHC","SI.POV.GINI","NE.RSB.GNFS.CD","BN.CAB.XOKA.CD","DT.DOD.DECT.CD","FI.RES.TOTL.CD"
"gdp_growth","Pakistan","PK","PAK",2023,-0.0398389716673506,NA,NA,NA,NA,NA,NA,NA,NA,NA,NA,NA,NA,NA,NA,NA,NA,NA
"gdp_growth","Pakistan","PK","PAK",2022,4.7781068690358,NA,NA,NA,NA,NA,NA,NA,NA,NA,NA,NA,NA,NA,NA,NA,NA,NA
"gdp_growth","Pakistan","PK","PAK",2021,6.51388575852702,NA,NA,NA,NA,NA,NA,NA,NA,NA,NA,NA,NA,NA,NA,NA,NA,NA
"gdp_growth","Pakistan","PK","PAK",2020,-1.27408744338709,NA,NA,NA,NA,NA,NA,NA,NA,NA,NA,NA,NA,NA,NA,NA,NA,NA
"gdp_growth","Pakistan","PK","PAK",2019,2.49763692943365,NA,NA,NA,NA,NA,NA,NA,NA,NA,NA,NA,NA,NA,NA,NA,NA,NA
"gdp_growth","Pakistan","PK","PAK",2018,6.15170261099519,NA,NA,NA,NA,NA,NA,NA,NA,NA,NA,NA,NA,NA,NA,NA,NA,NA
"gdp_growth","Pakistan","PK","PAK",2017,4.43262590683975,NA,NA,NA,NA,NA,NA,NA,NA,NA,NA,NA,NA,NA,NA,NA,NA,NA
"gdp_growth","Pakistan","PK","PAK",2016,6.57383828511043,NA,NA,NA,NA,NA,NA,NA,NA,NA,NA,NA,NA,NA,NA,NA,NA,NA
"gdp_growth","Pakistan","PK","PAK",2015,4.21794209572506,NA,NA,NA,NA,NA,NA,NA,NA,NA,NA,NA,NA,NA,NA,NA,NA,NA
"gdp_growth","Pakistan","PK","PAK",2014,4.11642817161422,NA,NA,NA,NA,NA,NA,NA,NA,NA,NA,NA,NA,NA,NA,NA,NA,NA
"gdp_growth","Pakistan","PK","PAK",2013,4.36686504978387,NA,NA,NA,NA,NA,NA,NA,NA,NA,NA,NA,NA,NA,NA,NA,NA,NA
"gdp_growth","Pakistan","PK","PAK",2012,3.02758391088629,NA,NA,NA,NA,NA,NA,NA,NA,NA,NA,NA,NA,NA,NA,NA,NA,NA
"gdp_growth","Pakistan","PK","PAK",2011,2.68011685421705,NA,NA,NA,NA,NA,NA,NA,NA,NA,NA,NA,NA,NA,NA,NA,NA,NA
"gdp_growth","Pakistan","PK","PAK",2010,1.50171752152883,NA,NA,NA,NA,NA,NA,NA,NA,NA,NA,NA,NA,NA,NA,NA,NA,NA
"gdp_growth","Pakistan","PK","PAK",2009,3.47255059567348,NA,NA,NA,NA,NA,NA,NA,NA,NA,NA,NA,NA,NA,NA,NA,NA,NA
"gdp_growth","Pakistan","PK","PAK",2008,2.1204410433083,NA,NA,NA,NA,NA,NA,NA,NA,NA,NA,NA,NA,NA,NA,NA,NA,NA
"gdp_growth","Pakistan","PK","PAK",2007,4.4448143398844,NA,NA,NA,NA,NA,NA,NA,NA,NA,NA,NA,NA,NA,NA,NA,NA,NA
"gdp_growth","Pakistan","PK","PAK",2006,6.05163767569996,NA,NA,NA,NA,NA,NA,NA,NA,NA,NA,NA,NA,NA,NA,NA,NA,NA
"gdp_growth","Pakistan","PK","PAK",2005,7.2765744364722,NA,NA,NA,NA,NA,NA,NA,NA,NA,NA,NA,NA,NA,NA,NA,NA,NA
"gdp_growth","Pakistan","PK","PAK",2004,7.83125556961251,NA,NA,NA,NA,NA,NA,NA,NA,NA,NA,NA,NA,NA,NA,NA,NA,NA
"gdp_growth","Pakistan","PK","PAK",2003,5.40131087314342,NA,NA,NA,NA,NA,NA,NA,NA,NA,NA,NA,NA,NA,NA,NA,NA,NA
"gdp_growth","Pakistan","PK","PAK",2002,2.59481668445784,NA,NA,NA,NA,NA,NA,NA,NA,NA,NA,NA,NA,NA,NA,NA,NA,NA
"gdp_growth","Pakistan","PK","PAK",2001,3.65135017083765,NA,NA,NA,NA,NA,NA,NA,NA,NA,NA,NA,NA,NA,NA,NA,NA,NA
"gdp_growth","Pakistan","PK","PAK",2000,4.2600880111325,NA,NA,NA,NA,NA,NA,NA,NA,NA,NA,NA,NA,NA,NA,NA,NA,NA
"gdp_growth","Pakistan","PK","PAK",1999,3.66013273943236,NA,NA,NA,NA,NA,NA,NA,NA,NA,NA,NA,NA,NA,NA,NA,NA,NA
"gdp_growth","Pakistan","PK","PAK",1998,2.55023429817393,NA,NA,NA,NA,NA,NA,NA,NA,NA,NA,NA,NA,NA,NA,NA,NA,NA
"gdp_growth","Pakistan","PK","PAK",1997,1.01439601077892,NA,NA,NA,NA,NA,NA,NA,NA,NA,NA,NA,NA,NA,NA,NA,NA,NA
"gdp_growth","Pakistan","PK","PAK",1996,4.84658128681654,NA,NA,NA,NA,NA,NA,NA,NA,NA,NA,NA,NA,NA,NA,NA,NA,NA
"gdp_growth","Pakistan","PK","PAK",1995,4.96260914623281,NA,NA,NA,NA,NA,NA,NA,NA,NA,NA,NA,NA,NA,NA,NA,NA,NA
"gdp_growth","Pakistan","PK","PAK",1994,3.73741555767747,NA,NA,NA,NA,NA,NA,NA,NA,NA,NA,NA,NA,NA,NA,NA,NA,NA
"gdp_growth","Pakistan","PK","PAK",1993,1.7577476978468,NA,NA,NA,NA,NA,NA,NA,NA,NA,NA,NA,NA,NA,NA,NA,NA,NA
"gdp_growth","Pakistan","PK","PAK",1992,7.70589781716029,NA,NA,NA,NA,NA,NA,NA,NA,NA,NA,NA,NA,NA,NA,NA,NA,NA
"gdp_growth","Pakistan","PK","PAK",1991,5.06156775897861,NA,NA,NA,NA,NA,NA,NA,NA,NA,NA,NA,NA,NA,NA,NA,NA,NA
"gdp_growth","Pakistan","PK","PAK",1990,4.45858681510218,NA,NA,NA,NA,NA,NA,NA,NA,NA,NA,NA,NA,NA,NA,NA,NA,NA
"gdp_current","Pakistan","PK","PAK",2023,NA,337885531778.052,NA,NA,NA,NA,NA,NA,NA,NA,NA,NA,NA,NA,NA,NA,NA,NA
"gdp_current","Pakistan","PK","PAK",2022,NA,374890295666.694,NA,NA,NA,NA,NA,NA,NA,NA,NA,NA,NA,NA,NA,NA,NA,NA
"gdp_current","Pakistan","PK","PAK",2021,NA,348516647445.148,NA,NA,NA,NA,NA,NA,NA,NA,NA,NA,NA,NA,NA,NA,NA,NA
"gdp_current","Pakistan","PK","PAK",2020,NA,300425609817.981,NA,NA,NA,NA,NA,NA,NA,NA,NA,NA,NA,NA,NA,NA,NA,NA
"gdp_current","Pakistan","PK","PAK",2019,NA,320909472770.669,NA,NA,NA,NA,NA,NA,NA,NA,NA,NA,NA,NA,NA,NA,NA,NA
"gdp_current","Pakistan","PK","PAK",2018,NA,356128166704.921,NA,NA,NA,NA,NA,NA,NA,NA,NA,NA,NA,NA,NA,NA,NA,NA
"gdp_current","Pakistan","PK","PAK",2017,NA,339205534861.1,NA,NA,NA,NA,NA,NA,NA,NA,NA,NA,NA,NA,NA,NA,NA,NA
"gdp_current","Pakistan","PK","PAK",2016,NA,313630000130.435,NA,NA,NA,NA,NA,NA,NA,NA,NA,NA,NA,NA,NA,NA,NA,NA
"gdp_current","Pakistan","PK","PAK",2015,NA,299963590534.773,NA,NA,NA,NA,NA,NA,NA,NA,NA,NA,NA,NA,NA,NA,NA,NA
"gdp_current","Pakistan","PK","PAK",2014,NA,271390474857.632,NA,NA,NA,NA,NA,NA,NA,NA,NA,NA,NA,NA,NA,NA,NA,NA
"gdp_current","Pakistan","PK","PAK",2013,NA,258657231672.412,NA,NA,NA,NA,NA,NA,NA,NA,NA,NA,NA,NA,NA,NA,NA,NA
"gdp_current","Pakistan","PK","PAK",2012,NA,250106966104.704,NA,NA,NA,NA,NA,NA,NA,NA,NA,NA,NA,NA,NA,NA,NA,NA
"gdp_current","Pakistan","PK","PAK",2011,NA,230586581059.665,NA,NA,NA,NA,NA,NA,NA,NA,NA,NA,NA,NA,NA,NA,NA,NA
"gdp_current","Pakistan","PK","PAK",2010,NA,196709621849.586,NA,NA,NA,NA,NA,NA,NA,NA,NA,NA,NA,NA,NA,NA,NA,NA
"gdp_current","Pakistan","PK","PAK",2009,NA,187337783856.466,NA,NA,NA,NA,NA,NA,NA,NA,NA,NA,NA,NA,NA,NA,NA,NA
"gdp_current","Pakistan","PK","PAK",2008,NA,202203748583.854,NA,NA,NA,NA,NA,NA,NA,NA,NA,NA,NA,NA,NA,NA,NA,NA
"gdp_current","Pakistan","PK","PAK",2007,NA,184140869997.46,NA,NA,NA,NA,NA,NA,NA,NA,NA,NA,NA,NA,NA,NA,NA,NA
"gdp_current","Pakistan","PK","PAK",2006,NA,161871385506.36,NA,NA,NA,NA,NA,NA,NA,NA,NA,NA,NA,NA,NA,NA,NA,NA
"gdp_current","Pakistan","PK","PAK",2005,NA,145208562960.767,NA,NA,NA,NA,NA,NA,NA,NA,NA,NA,NA,NA,NA,NA,NA,NA
"gdp_current","Pakistan","PK","PAK",2004,NA,132216048339.413,NA,NA,NA,NA,NA,NA,NA,NA,NA,NA,NA,NA,NA,NA,NA,NA
"gdp_current","Pakistan","PK","PAK",2003,NA,112371913740.823,NA,NA,NA,NA,NA,NA,NA,NA,NA,NA,NA,NA,NA,NA,NA,NA
"gdp_current","Pakistan","PK","PAK",2002,NA,97923302809.3537,NA,NA,NA,NA,NA,NA,NA,NA,NA,NA,NA,NA,NA,NA,NA,NA
"gdp_current","Pakistan","PK","PAK",2001,NA,97145618479.9038,NA,NA,NA,NA,NA,NA,NA,NA,NA,NA,NA,NA,NA,NA,NA,NA
"gdp_current","Pakistan","PK","PAK",2000,NA,99484802344.5277,NA,NA,NA,NA,NA,NA,NA,NA,NA,NA,NA,NA,NA,NA,NA,NA
"gdp_current","Pakistan","PK","PAK",1999,NA,62973857068.5113,NA,NA,NA,NA,NA,NA,NA,NA,NA,NA,NA,NA,NA,NA,NA,NA
"gdp_current","Pakistan","PK","PAK",1998,NA,62191955814.3478,NA,NA,NA,NA,NA,NA,NA,NA,NA,NA,NA,NA,NA,NA,NA,NA
"gdp_current","Pakistan","PK","PAK",1997,NA,62433340468.0228,NA,NA,NA,NA,NA,NA,NA,NA,NA,NA,NA,NA,NA,NA,NA,NA
"gdp_current","Pakistan","PK","PAK",1996,NA,63320170084.4076,NA,NA,NA,NA,NA,NA,NA,NA,NA,NA,NA,NA,NA,NA,NA,NA
"gdp_current","Pakistan","PK","PAK",1995,NA,60636071684.1918,NA,NA,NA,NA,NA,NA,NA,NA,NA,NA,NA,NA,NA,NA,NA,NA
"gdp_current","Pakistan","PK","PAK",1994,NA,52293470813.1336,NA,NA,NA,NA,NA,NA,NA,NA,NA,NA,NA,NA,NA,NA,NA,NA
"gdp_current","Pakistan","PK","PAK",1993,NA,51809999353.1614,NA,NA,NA,NA,NA,NA,NA,NA,NA,NA,NA,NA,NA,NA,NA,NA
"gdp_current","Pakistan","PK","PAK",1992,NA,48884671947.4657,NA,NA,NA,NA,NA,NA,NA,NA,NA,NA,NA,NA,NA,NA,NA,NA
"gdp_current","Pakistan","PK","PAK",1991,NA,45625336680.2047,NA,NA,NA,NA,NA,NA,NA,NA,NA,NA,NA,NA,NA,NA,NA,NA
"gdp_current","Pakistan","PK","PAK",1990,NA,40010423970.4576,NA,NA,NA,NA,NA,NA,NA,NA,NA,NA,NA,NA,NA,NA,NA,NA
"gdp_per_capita","Pakistan","PK","PAK",2023,NA,NA,1365.16927410976,NA,NA,NA,NA,NA,NA,NA,NA,NA,NA,NA,NA,NA,NA,NA
"gdp_per_capita","Pakistan","PK","PAK",2022,NA,NA,1538.3228133171,NA,NA,NA,NA,NA,NA,NA,NA,NA,NA,NA,NA,NA,NA,NA
"gdp_per_capita","Pakistan","PK","PAK",2021,NA,NA,1455.31922370186,NA,NA,NA,NA,NA,NA,NA,NA,NA,NA,NA,NA,NA,NA,NA
"gdp_per_capita","Pakistan","PK","PAK",2020,NA,NA,1278.39735206896,NA,NA,NA,NA,NA,NA,NA,NA,NA,NA,NA,NA,NA,NA,NA
"gdp_per_capita","Pakistan","PK","PAK",2019,NA,NA,1390.41690981745,NA,NA,NA,NA,NA,NA,NA,NA,NA,NA,NA,NA,NA,NA,NA
"gdp_per_capita","Pakistan","PK","PAK",2018,NA,NA,1569.33814626355,NA,NA,NA,NA,NA,NA,NA,NA,NA,NA,NA,NA,NA,NA,NA
"gdp_per_capita","Pakistan","PK","PAK",2017,NA,NA,1519.23459514248,NA,NA,NA,NA,NA,NA,NA,NA,NA,NA,NA,NA,NA,NA,NA
"gdp_per_capita","Pakistan","PK","PAK",2016,NA,NA,1424.69161195897,NA,NA,NA,NA,NA,NA,NA,NA,NA,NA,NA,NA,NA,NA,NA
"gdp_per_capita","Pakistan","PK","PAK",2015,NA,NA,1380.47020838317,NA,NA,NA,NA,NA,NA,NA,NA,NA,NA,NA,NA,NA,NA,NA
"gdp_per_capita","Pakistan","PK","PAK",2014,NA,NA,1266.61340849959,NA,NA,NA,NA,NA,NA,NA,NA,NA,NA,NA,NA,NA,NA,NA
"gdp_per_capita","Pakistan","PK","PAK",2013,NA,NA,1225.4340119198,NA,NA,NA,NA,NA,NA,NA,NA,NA,NA,NA,NA,NA,NA,NA
"gdp_per_capita","Pakistan","PK","PAK",2012,NA,NA,1204.36475491585,NA,NA,NA,NA,NA,NA,NA,NA,NA,NA,NA,NA,NA,NA,NA
"gdp_per_capita","Pakistan","PK","PAK",2011,NA,NA,1131.73513834324,NA,NA,NA,NA,NA,NA,NA,NA,NA,NA,NA,NA,NA,NA,NA
"gdp_per_capita","Pakistan","PK","PAK",2010,NA,NA,987.304571124485,NA,NA,NA,NA,NA,NA,NA,NA,NA,NA,NA,NA,NA,NA,NA
"gdp_per_capita","Pakistan","PK","PAK",2009,NA,NA,963.788066395225,NA,NA,NA,NA,NA,NA,NA,NA,NA,NA,NA,NA,NA,NA,NA
"gdp_per_capita","Pakistan","PK","PAK",2008,NA,NA,1067.04324565284,NA,NA,NA,NA,NA,NA,NA,NA,NA,NA,NA,NA,NA,NA,NA
"gdp_per_capita","Pakistan","PK","PAK",2007,NA,NA,998.090114197524,NA,NA,NA,NA,NA,NA,NA,NA,NA,NA,NA,NA,NA,NA,NA
"gdp_per_capita","Pakistan","PK","PAK",2006,NA,NA,900.873564984808,NA,NA,NA,NA,NA,NA,NA,NA,NA,NA,NA,NA,NA,NA,NA
"gdp_per_capita","Pakistan","PK","PAK",2005,NA,NA,827.619861189926,NA,NA,NA,NA,NA,NA,NA,NA,NA,NA,NA,NA,NA,NA,NA
"gdp_per_capita","Pakistan","PK","PAK",2004,NA,NA,771.902247348954,NA,NA,NA,NA,NA,NA,NA,NA,NA,NA,NA,NA,NA,NA,NA
"gdp_per_capita","Pakistan","PK","PAK",2003,NA,NA,672.44178669894,NA,NA,NA,NA,NA,NA,NA,NA,NA,NA,NA,NA,NA,NA,NA
"gdp_per_capita","Pakistan","PK","PAK",2002,NA,NA,599.937345723927,NA,NA,NA,NA,NA,NA,NA,NA,NA,NA,NA,NA,NA,NA,NA
"gdp_per_capita","Pakistan","PK","PAK",2001,NA,NA,609.939506905073,NA,NA,NA,NA,NA,NA,NA,NA,NA,NA,NA,NA,NA,NA,NA
"gdp_per_capita","Pakistan","PK","PAK",2000,NA,NA,642.338346499898,NA,NA,NA,NA,NA,NA,NA,NA,NA,NA,NA,NA,NA,NA,NA
"gdp_per_capita","Pakistan","PK","PAK",1999,NA,NA,418.249257055367,NA,NA,NA,NA,NA,NA,NA,NA,NA,NA,NA,NA,NA,NA,NA
"gdp_per_capita","Pakistan","PK","PAK",1998,NA,NA,424.453697798497,NA,NA,NA,NA,NA,NA,NA,NA,NA,NA,NA,NA,NA,NA,NA
"gdp_per_capita","Pakistan","PK","PAK",1997,NA,NA,438.030942680153,NA,NA,NA,NA,NA,NA,NA,NA,NA,NA,NA,NA,NA,NA,NA
"gdp_per_capita","Pakistan","PK","PAK",1996,NA,NA,456.996961832943,NA,NA,NA,NA,NA,NA,NA,NA,NA,NA,NA,NA,NA,NA,NA
"gdp_per_capita","Pakistan","PK","PAK",1995,NA,NA,450.550279346206,NA,NA,NA,NA,NA,NA,NA,NA,NA,NA,NA,NA,NA,NA,NA
"gdp_per_capita","Pakistan","PK","PAK",1994,NA,NA,399.955927561352,NA,NA,NA,NA,NA,NA,NA,NA,NA,NA,NA,NA,NA,NA,NA
"gdp_per_capita","Pakistan","PK","PAK",1993,NA,NA,407.888140688466,NA,NA,NA,NA,NA,NA,NA,NA,NA,NA,NA,NA,NA,NA,NA
"gdp_per_capita","Pakistan","PK","PAK",1992,NA,NA,395.67720859593,NA,NA,NA,NA,NA,NA,NA,NA,NA,NA,NA,NA,NA,NA,NA
"gdp_per_capita","Pakistan","PK","PAK",1991,NA,NA,380.019843346229,NA,NA,NA,NA,NA,NA,NA,NA,NA,NA,NA,NA,NA,NA,NA
"gdp_per_capita","Pakistan","PK","PAK",1990,NA,NA,344.45547384189,NA,NA,NA,NA,NA,NA,NA,NA,NA,NA,NA,NA,NA,NA,NA
"inflation","Pakistan","PK","PAK",2023,NA,NA,NA,30.7681280657005,NA,NA,NA,NA,NA,NA,NA,NA,NA,NA,NA,NA,NA,NA
"inflation","Pakistan","PK","PAK",2022,NA,NA,NA,19.8738599646655,NA,NA,NA,NA,NA,NA,NA,NA,NA,NA,NA,NA,NA,NA
"inflation","Pakistan","PK","PAK",2021,NA,NA,NA,9.49621056124947,NA,NA,NA,NA,NA,NA,NA,NA,NA,NA,NA,NA,NA,NA
"inflation","Pakistan","PK","PAK",2020,NA,NA,NA,9.73999313898155,NA,NA,NA,NA,NA,NA,NA,NA,NA,NA,NA,NA,NA,NA
"inflation","Pakistan","PK","PAK",2019,NA,NA,NA,10.5783618004555,NA,NA,NA,NA,NA,NA,NA,NA,NA,NA,NA,NA,NA,NA
"inflation","Pakistan","PK","PAK",2018,NA,NA,NA,5.07805725868917,NA,NA,NA,NA,NA,NA,NA,NA,NA,NA,NA,NA,NA,NA
"inflation","Pakistan","PK","PAK",2017,NA,NA,NA,4.08537368032608,NA,NA,NA,NA,NA,NA,NA,NA,NA,NA,NA,NA,NA,NA
"inflation","Pakistan","PK","PAK",2016,NA,NA,NA,3.7651191635658,NA,NA,NA,NA,NA,NA,NA,NA,NA,NA,NA,NA,NA,NA
"inflation","Pakistan","PK","PAK",2015,NA,NA,NA,2.52932817254229,NA,NA,NA,NA,NA,NA,NA,NA,NA,NA,NA,NA,NA,NA
"inflation","Pakistan","PK","PAK",2014,NA,NA,NA,7.18938402847028,NA,NA,NA,NA,NA,NA,NA,NA,NA,NA,NA,NA,NA,NA
"inflation","Pakistan","PK","PAK",2013,NA,NA,NA,7.69215611899565,NA,NA,NA,NA,NA,NA,NA,NA,NA,NA,NA,NA,NA,NA
"inflation","Pakistan","PK","PAK",2012,NA,NA,NA,9.68235186055684,NA,NA,NA,NA,NA,NA,NA,NA,NA,NA,NA,NA,NA,NA
"inflation","Pakistan","PK","PAK",2011,NA,NA,NA,11.9160927116277,NA,NA,NA,NA,NA,NA,NA,NA,NA,NA,NA,NA,NA,NA
"inflation","Pakistan","PK","PAK",2010,NA,NA,NA,12.9388705634889,NA,NA,NA,NA,NA,NA,NA,NA,NA,NA,NA,NA,NA,NA
"inflation","Pakistan","PK","PAK",2009,NA,NA,NA,13.6477650639761,NA,NA,NA,NA,NA,NA,NA,NA,NA,NA,NA,NA,NA,NA
"inflation","Pakistan","PK","PAK",2008,NA,NA,NA,20.2861210929554,NA,NA,NA,NA,NA,NA,NA,NA,NA,NA,NA,NA,NA,NA
"inflation","Pakistan","PK","PAK",2007,NA,NA,NA,7.59868441050774,NA,NA,NA,NA,NA,NA,NA,NA,NA,NA,NA,NA,NA,NA
"inflation","Pakistan","PK","PAK",2006,NA,NA,NA,7.92108440058789,NA,NA,NA,NA,NA,NA,NA,NA,NA,NA,NA,NA,NA,NA
"inflation","Pakistan","PK","PAK",2005,NA,NA,NA,9.06332737030417,NA,NA,NA,NA,NA,NA,NA,NA,NA,NA,NA,NA,NA,NA
"inflation","Pakistan","PK","PAK",2004,NA,NA,NA,7.44462469342739,NA,NA,NA,NA,NA,NA,NA,NA,NA,NA,NA,NA,NA,NA
"inflation","Pakistan","PK","PAK",2003,NA,NA,NA,2.91413470059479,NA,NA,NA,NA,NA,NA,NA,NA,NA,NA,NA,NA,NA,NA
"inflation","Pakistan","PK","PAK",2002,NA,NA,NA,3.29034472613153,NA,NA,NA,NA,NA,NA,NA,NA,NA,NA,NA,NA,NA,NA
"inflation","Pakistan","PK","PAK",2001,NA,NA,NA,3.14826144590618,NA,NA,NA,NA,NA,NA,NA,NA,NA,NA,NA,NA,NA,NA
"inflation","Pakistan","PK","PAK",2000,NA,NA,NA,4.36666451291681,NA,NA,NA,NA,NA,NA,NA,NA,NA,NA,NA,NA,NA,NA
"inflation","Pakistan","PK","PAK",1999,NA,NA,NA,4.14263718082171,NA,NA,NA,NA,NA,NA,NA,NA,NA,NA,NA,NA,NA,NA
"inflation","Pakistan","PK","PAK",1998,NA,NA,NA,6.22800415424543,NA,NA,NA,NA,NA,NA,NA,NA,NA,NA,NA,NA,NA,NA
"inflation","Pakistan","PK","PAK",1997,NA,NA,NA,11.3754928865122,NA,NA,NA,NA,NA,NA,NA,NA,NA,NA,NA,NA,NA,NA
"inflation","Pakistan","PK","PAK",1996,NA,NA,NA,10.3738085885002,NA,NA,NA,NA,NA,NA,NA,NA,NA,NA,NA,NA,NA,NA
"inflation","Pakistan","PK","PAK",1995,NA,NA,NA,12.3435785170513,NA,NA,NA,NA,NA,NA,NA,NA,NA,NA,NA,NA,NA,NA
"inflation","Pakistan","PK","PAK",1994,NA,NA,NA,12.3681943936948,NA,NA,NA,NA,NA,NA,NA,NA,NA,NA,NA,NA,NA,NA
"inflation","Pakistan","PK","PAK",1993,NA,NA,NA,9.97366476029209,NA,NA,NA,NA,NA,NA,NA,NA,NA,NA,NA,NA,NA,NA
"inflation","Pakistan","PK","PAK",1992,NA,NA,NA,9.5090414619015,NA,NA,NA,NA,NA,NA,NA,NA,NA,NA,NA,NA,NA,NA
"inflation","Pakistan","PK","PAK",1991,NA,NA,NA,11.7912703351416,NA,NA,NA,NA,NA,NA,NA,NA,NA,NA,NA,NA,NA,NA
"inflation","Pakistan","PK","PAK",1990,NA,NA,NA,9.05213155279776,NA,NA,NA,NA,NA,NA,NA,NA,NA,NA,NA,NA,NA,NA
"unemployment","Pakistan","PK","PAK",2023,NA,NA,NA,NA,5.408,NA,NA,NA,NA,NA,NA,NA,NA,NA,NA,NA,NA,NA
"unemployment","Pakistan","PK","PAK",2022,NA,NA,NA,NA,5.485,NA,NA,NA,NA,NA,NA,NA,NA,NA,NA,NA,NA,NA
"unemployment","Pakistan","PK","PAK",2021,NA,NA,NA,NA,6.338,NA,NA,NA,NA,NA,NA,NA,NA,NA,NA,NA,NA,NA
"unemployment","Pakistan","PK","PAK",2020,NA,NA,NA,NA,6.127,NA,NA,NA,NA,NA,NA,NA,NA,NA,NA,NA,NA,NA
"unemployment","Pakistan","PK","PAK",2019,NA,NA,NA,NA,4.83,NA,NA,NA,NA,NA,NA,NA,NA,NA,NA,NA,NA,NA
"unemployment","Pakistan","PK","PAK",2018,NA,NA,NA,NA,4.083,NA,NA,NA,NA,NA,NA,NA,NA,NA,NA,NA,NA,NA
"unemployment","Pakistan","PK","PAK",2017,NA,NA,NA,NA,3.215,NA,NA,NA,NA,NA,NA,NA,NA,NA,NA,NA,NA,NA
"unemployment","Pakistan","PK","PAK",2016,NA,NA,NA,NA,2.285,NA,NA,NA,NA,NA,NA,NA,NA,NA,NA,NA,NA,NA
"unemployment","Pakistan","PK","PAK",2015,NA,NA,NA,NA,3.566,NA,NA,NA,NA,NA,NA,NA,NA,NA,NA,NA,NA,NA
"unemployment","Pakistan","PK","PAK",2014,NA,NA,NA,NA,1.827,NA,NA,NA,NA,NA,NA,NA,NA,NA,NA,NA,NA,NA
"unemployment","Pakistan","PK","PAK",2013,NA,NA,NA,NA,2.954,NA,NA,NA,NA,NA,NA,NA,NA,NA,NA,NA,NA,NA
"unemployment","Pakistan","PK","PAK",2012,NA,NA,NA,NA,3.667,NA,NA,NA,NA,NA,NA,NA,NA,NA,NA,NA,NA,NA
"unemployment","Pakistan","PK","PAK",2011,NA,NA,NA,NA,0.796,NA,NA,NA,NA,NA,NA,NA,NA,NA,NA,NA,NA,NA
"unemployment","Pakistan","PK","PAK",2010,NA,NA,NA,NA,0.653,NA,NA,NA,NA,NA,NA,NA,NA,NA,NA,NA,NA,NA
"unemployment","Pakistan","PK","PAK",2009,NA,NA,NA,NA,0.535,NA,NA,NA,NA,NA,NA,NA,NA,NA,NA,NA,NA,NA
"unemployment","Pakistan","PK","PAK",2008,NA,NA,NA,NA,0.423,NA,NA,NA,NA,NA,NA,NA,NA,NA,NA,NA,NA,NA
"unemployment","Pakistan","PK","PAK",2007,NA,NA,NA,NA,0.398,NA,NA,NA,NA,NA,NA,NA,NA,NA,NA,NA,NA,NA
"unemployment","Pakistan","PK","PAK",2006,NA,NA,NA,NA,0.582,NA,NA,NA,NA,NA,NA,NA,NA,NA,NA,NA,NA,NA
"unemployment","Pakistan","PK","PAK",2005,NA,NA,NA,NA,0.585,NA,NA,NA,NA,NA,NA,NA,NA,NA,NA,NA,NA,NA
"unemployment","Pakistan","PK","PAK",2004,NA,NA,NA,NA,0.608,NA,NA,NA,NA,NA,NA,NA,NA,NA,NA,NA,NA,NA
"unemployment","Pakistan","PK","PAK",2003,NA,NA,NA,NA,0.63,NA,NA,NA,NA,NA,NA,NA,NA,NA,NA,NA,NA,NA
"unemployment","Pakistan","PK","PAK",2002,NA,NA,NA,NA,0.635,NA,NA,NA,NA,NA,NA,NA,NA,NA,NA,NA,NA,NA
"unemployment","Pakistan","PK","PAK",2001,NA,NA,NA,NA,0.629,NA,NA,NA,NA,NA,NA,NA,NA,NA,NA,NA,NA,NA
"unemployment","Pakistan","PK","PAK",2000,NA,NA,NA,NA,0.634,NA,NA,NA,NA,NA,NA,NA,NA,NA,NA,NA,NA,NA
"unemployment","Pakistan","PK","PAK",1999,NA,NA,NA,NA,0.652,NA,NA,NA,NA,NA,NA,NA,NA,NA,NA,NA,NA,NA
"unemployment","Pakistan","PK","PAK",1998,NA,NA,NA,NA,0.645,NA,NA,NA,NA,NA,NA,NA,NA,NA,NA,NA,NA,NA
"unemployment","Pakistan","PK","PAK",1997,NA,NA,NA,NA,0.631,NA,NA,NA,NA,NA,NA,NA,NA,NA,NA,NA,NA,NA
"unemployment","Pakistan","PK","PAK",1996,NA,NA,NA,NA,0.616,NA,NA,NA,NA,NA,NA,NA,NA,NA,NA,NA,NA,NA
"unemployment","Pakistan","PK","PAK",1995,NA,NA,NA,NA,0.632,NA,NA,NA,NA,NA,NA,NA,NA,NA,NA,NA,NA,NA
"unemployment","Pakistan","PK","PAK",1994,NA,NA,NA,NA,0.617,NA,NA,NA,NA,NA,NA,NA,NA,NA,NA,NA,NA,NA
"unemployment","Pakistan","PK","PAK",1993,NA,NA,NA,NA,0.61,NA,NA,NA,NA,NA,NA,NA,NA,NA,NA,NA,NA,NA
"unemployment","Pakistan","PK","PAK",1992,NA,NA,NA,NA,0.596,NA,NA,NA,NA,NA,NA,NA,NA,NA,NA,NA,NA,NA
"unemployment","Pakistan","PK","PAK",1991,NA,NA,NA,NA,0.611,NA,NA,NA,NA,NA,NA,NA,NA,NA,NA,NA,NA,NA
"unemployment","Pakistan","PK","PAK",1990,NA,NA,NA,NA,NA,NA,NA,NA,NA,NA,NA,NA,NA,NA,NA,NA,NA,NA
"exports","Pakistan","PK","PAK",2023,NA,NA,NA,NA,NA,35412994475.698,NA,NA,NA,NA,NA,NA,NA,NA,NA,NA,NA,NA
"exports","Pakistan","PK","PAK",2022,NA,NA,NA,NA,NA,39515650036.1059,NA,NA,NA,NA,NA,NA,NA,NA,NA,NA,NA,NA
"exports","Pakistan","PK","PAK",2021,NA,NA,NA,NA,NA,31546332472.5314,NA,NA,NA,NA,NA,NA,NA,NA,NA,NA,NA,NA
"exports","Pakistan","PK","PAK",2020,NA,NA,NA,NA,NA,27935253908.9592,NA,NA,NA,NA,NA,NA,NA,NA,NA,NA,NA,NA
"exports","Pakistan","PK","PAK",2019,NA,NA,NA,NA,NA,30136170670.3429,NA,NA,NA,NA,NA,NA,NA,NA,NA,NA,NA,NA
"exports","Pakistan","PK","PAK",2018,NA,NA,NA,NA,NA,30562205605.5736,NA,NA,NA,NA,NA,NA,NA,NA,NA,NA,NA,NA
"exports","Pakistan","PK","PAK",2017,NA,NA,NA,NA,NA,27888160733.4655,NA,NA,NA,NA,NA,NA,NA,NA,NA,NA,NA,NA
"exports","Pakistan","PK","PAK",2016,NA,NA,NA,NA,NA,27400963629.0087,NA,NA,NA,NA,NA,NA,NA,NA,NA,NA,NA,NA
"exports","Pakistan","PK","PAK",2015,NA,NA,NA,NA,NA,29920081165.7791,NA,NA,NA,NA,NA,NA,NA,NA,NA,NA,NA,NA
"exports","Pakistan","PK","PAK",2014,NA,NA,NA,NA,NA,30382086972.4595,NA,NA,NA,NA,NA,NA,NA,NA,NA,NA,NA,NA
"exports","Pakistan","PK","PAK",2013,NA,NA,NA,NA,NA,31497982328.1766,NA,NA,NA,NA,NA,NA,NA,NA,NA,NA,NA,NA
"exports","Pakistan","PK","PAK",2012,NA,NA,NA,NA,NA,29697611485.2317,NA,NA,NA,NA,NA,NA,NA,NA,NA,NA,NA,NA
"exports","Pakistan","PK","PAK",2011,NA,NA,NA,NA,NA,31088962295.1378,NA,NA,NA,NA,NA,NA,NA,NA,NA,NA,NA,NA
"exports","Pakistan","PK","PAK",2010,NA,NA,NA,NA,NA,24858636642.8718,NA,NA,NA,NA,NA,NA,NA,NA,NA,NA,NA,NA
"exports","Pakistan","PK","PAK",2009,NA,NA,NA,NA,NA,23213002701.9693,NA,NA,NA,NA,NA,NA,NA,NA,NA,NA,NA,NA
"exports","Pakistan","PK","PAK",2008,NA,NA,NA,NA,NA,24013343672.3078,NA,NA,NA,NA,NA,NA,NA,NA,NA,NA,NA,NA
"exports","Pakistan","PK","PAK",2007,NA,NA,NA,NA,NA,21406517114.1039,NA,NA,NA,NA,NA,NA,NA,NA,NA,NA,NA,NA
"exports","Pakistan","PK","PAK",2006,NA,NA,NA,NA,NA,20313153770.8457,NA,NA,NA,NA,NA,NA,NA,NA,NA,NA,NA,NA
"exports","Pakistan","PK","PAK",2005,NA,NA,NA,NA,NA,17790723344.6096,NA,NA,NA,NA,NA,NA,NA,NA,NA,NA,NA,NA
"exports","Pakistan","PK","PAK",2004,NA,NA,NA,NA,NA,1.5103e+10,NA,NA,NA,NA,NA,NA,NA,NA,NA,NA,NA,NA
"exports","Pakistan","PK","PAK",2003,NA,NA,NA,NA,NA,13669643162.0283,NA,NA,NA,NA,NA,NA,NA,NA,NA,NA,NA,NA
"exports","Pakistan","PK","PAK",2002,NA,NA,NA,NA,NA,11029069178.3046,NA,NA,NA,NA,NA,NA,NA,NA,NA,NA,NA,NA
"exports","Pakistan","PK","PAK",2001,NA,NA,NA,NA,NA,10322860872.5524,NA,NA,NA,NA,NA,NA,NA,NA,NA,NA,NA,NA
"exports","Pakistan","PK","PAK",2000,NA,NA,NA,NA,NA,9580014109.68833,NA,NA,NA,NA,NA,NA,NA,NA,NA,NA,NA,NA
"exports","Pakistan","PK","PAK",1999,NA,NA,NA,NA,NA,9668690721.42037,NA,NA,NA,NA,NA,NA,NA,NA,NA,NA,NA,NA
"exports","Pakistan","PK","PAK",1998,NA,NA,NA,NA,NA,10252214043.9952,NA,NA,NA,NA,NA,NA,NA,NA,NA,NA,NA,NA
"exports","Pakistan","PK","PAK",1997,NA,NA,NA,NA,NA,10040500610.948,NA,NA,NA,NA,NA,NA,NA,NA,NA,NA,NA,NA
"exports","Pakistan","PK","PAK",1996,NA,NA,NA,NA,NA,10703072793.5879,NA,NA,NA,NA,NA,NA,NA,NA,NA,NA,NA,NA
"exports","Pakistan","PK","PAK",1995,NA,NA,NA,NA,NA,10132269178.8685,NA,NA,NA,NA,NA,NA,NA,NA,NA,NA,NA,NA
"exports","Pakistan","PK","PAK",1994,NA,NA,NA,NA,NA,8449778027.40581,NA,NA,NA,NA,NA,NA,NA,NA,NA,NA,NA,NA
"exports","Pakistan","PK","PAK",1993,NA,NA,NA,NA,NA,8394305116.6868,NA,NA,NA,NA,NA,NA,NA,NA,NA,NA,NA,NA
"exports","Pakistan","PK","PAK",1992,NA,NA,NA,NA,NA,8442738387.45654,NA,NA,NA,NA,NA,NA,NA,NA,NA,NA,NA,NA
"exports","Pakistan","PK","PAK",1991,NA,NA,NA,NA,NA,7725461182.02971,NA,NA,NA,NA,NA,NA,NA,NA,NA,NA,NA,NA
"exports","Pakistan","PK","PAK",1990,NA,NA,NA,NA,NA,5917028934.69827,NA,NA,NA,NA,NA,NA,NA,NA,NA,NA,NA,NA
"imports","Pakistan","PK","PAK",2023,NA,NA,NA,NA,NA,NA,61230976267.9855,NA,NA,NA,NA,NA,NA,NA,NA,NA,NA,NA
"imports","Pakistan","PK","PAK",2022,NA,NA,NA,NA,NA,NA,84315688680.3991,NA,NA,NA,NA,NA,NA,NA,NA,NA,NA,NA
"imports","Pakistan","PK","PAK",2021,NA,NA,NA,NA,NA,NA,62659182539.6335,NA,NA,NA,NA,NA,NA,NA,NA,NA,NA,NA
"imports","Pakistan","PK","PAK",2020,NA,NA,NA,NA,NA,NA,52327295403.4835,NA,NA,NA,NA,NA,NA,NA,NA,NA,NA,NA
"imports","Pakistan","PK","PAK",2019,NA,NA,NA,NA,NA,NA,62624564039.0062,NA,NA,NA,NA,NA,NA,NA,NA,NA,NA,NA
"imports","Pakistan","PK","PAK",2018,NA,NA,NA,NA,NA,NA,67821965004.981,NA,NA,NA,NA,NA,NA,NA,NA,NA,NA,NA
"imports","Pakistan","PK","PAK",2017,NA,NA,NA,NA,NA,NA,58514391836.2421,NA,NA,NA,NA,NA,NA,NA,NA,NA,NA,NA
"imports","Pakistan","PK","PAK",2016,NA,NA,NA,NA,NA,NA,50070595635.3331,NA,NA,NA,NA,NA,NA,NA,NA,NA,NA,NA
"imports","Pakistan","PK","PAK",2015,NA,NA,NA,NA,NA,NA,50134759860.0874,NA,NA,NA,NA,NA,NA,NA,NA,NA,NA,NA
"imports","Pakistan","PK","PAK",2014,NA,NA,NA,NA,NA,NA,49596212908.433,NA,NA,NA,NA,NA,NA,NA,NA,NA,NA,NA
"imports","Pakistan","PK","PAK",2013,NA,NA,NA,NA,NA,NA,48401946136.1579,NA,NA,NA,NA,NA,NA,NA,NA,NA,NA,NA
"imports","Pakistan","PK","PAK",2012,NA,NA,NA,NA,NA,NA,48633322390.5338,NA,NA,NA,NA,NA,NA,NA,NA,NA,NA,NA
"imports","Pakistan","PK","PAK",2011,NA,NA,NA,NA,NA,NA,43534938844.223,NA,NA,NA,NA,NA,NA,NA,NA,NA,NA,NA
"imports","Pakistan","PK","PAK",2010,NA,NA,NA,NA,NA,NA,38066808315.7267,NA,NA,NA,NA,NA,NA,NA,NA,NA,NA,NA
"imports","Pakistan","PK","PAK",2009,NA,NA,NA,NA,NA,NA,39220849368.7124,NA,NA,NA,NA,NA,NA,NA,NA,NA,NA,NA
"imports","Pakistan","PK","PAK",2008,NA,NA,NA,NA,NA,NA,45441542692.237,NA,NA,NA,NA,NA,NA,NA,NA,NA,NA,NA
"imports","Pakistan","PK","PAK",2007,NA,NA,NA,NA,NA,NA,35286555607.2316,NA,NA,NA,NA,NA,NA,NA,NA,NA,NA,NA
"imports","Pakistan","PK","PAK",2006,NA,NA,NA,NA,NA,NA,33184884874.8509,NA,NA,NA,NA,NA,NA,NA,NA,NA,NA,NA
"imports","Pakistan","PK","PAK",2005,NA,NA,NA,NA,NA,NA,25595408507.0825,NA,NA,NA,NA,NA,NA,NA,NA,NA,NA,NA
"imports","Pakistan","PK","PAK",2004,NA,NA,NA,NA,NA,NA,17697600000,NA,NA,NA,NA,NA,NA,NA,NA,NA,NA,NA
"imports","Pakistan","PK","PAK",2003,NA,NA,NA,NA,NA,NA,14030211712.4808,NA,NA,NA,NA,NA,NA,NA,NA,NA,NA,NA
"imports","Pakistan","PK","PAK",2002,NA,NA,NA,NA,NA,NA,11619627151.6726,NA,NA,NA,NA,NA,NA,NA,NA,NA,NA,NA
"imports","Pakistan","PK","PAK",2001,NA,NA,NA,NA,NA,NA,12581363105.462,NA,NA,NA,NA,NA,NA,NA,NA,NA,NA,NA
"imports","Pakistan","PK","PAK",2000,NA,NA,NA,NA,NA,NA,11769388547.9584,NA,NA,NA,NA,NA,NA,NA,NA,NA,NA,NA
"imports","Pakistan","PK","PAK",1999,NA,NA,NA,NA,NA,NA,10684436462.7839,NA,NA,NA,NA,NA,NA,NA,NA,NA,NA,NA
"imports","Pakistan","PK","PAK",1998,NA,NA,NA,NA,NA,NA,10900343051.9781,NA,NA,NA,NA,NA,NA,NA,NA,NA,NA,NA
"imports","Pakistan","PK","PAK",1997,NA,NA,NA,NA,NA,NA,12967600154.0064,NA,NA,NA,NA,NA,NA,NA,NA,NA,NA,NA
"imports","Pakistan","PK","PAK",1996,NA,NA,NA,NA,NA,NA,13567628711.2634,NA,NA,NA,NA,NA,NA,NA,NA,NA,NA,NA
"imports","Pakistan","PK","PAK",1995,NA,NA,NA,NA,NA,NA,11777213240.079,NA,NA,NA,NA,NA,NA,NA,NA,NA,NA,NA
"imports","Pakistan","PK","PAK",1994,NA,NA,NA,NA,NA,NA,9883122490.28425,NA,NA,NA,NA,NA,NA,NA,NA,NA,NA,NA
"imports","Pakistan","PK","PAK",1993,NA,NA,NA,NA,NA,NA,11552190707.3422,NA,NA,NA,NA,NA,NA,NA,NA,NA,NA,NA
"imports","Pakistan","PK","PAK",1992,NA,NA,NA,NA,NA,NA,9984113697.29231,NA,NA,NA,NA,NA,NA,NA,NA,NA,NA,NA
"imports","Pakistan","PK","PAK",1991,NA,NA,NA,NA,NA,NA,8434875710.52096,NA,NA,NA,NA,NA,NA,NA,NA,NA,NA,NA
"imports","Pakistan","PK","PAK",1990,NA,NA,NA,NA,NA,NA,8100453419.34278,NA,NA,NA,NA,NA,NA,NA,NA,NA,NA,NA
"fdi","Pakistan","PK","PAK",2023,NA,NA,NA,NA,NA,NA,NA,2.048e+09,NA,NA,NA,NA,NA,NA,NA,NA,NA,NA
"fdi","Pakistan","PK","PAK",2022,NA,NA,NA,NA,NA,NA,NA,1.462e+09,NA,NA,NA,NA,NA,NA,NA,NA,NA,NA
"fdi","Pakistan","PK","PAK",2021,NA,NA,NA,NA,NA,NA,NA,2.147e+09,NA,NA,NA,NA,NA,NA,NA,NA,NA,NA
"fdi","Pakistan","PK","PAK",2020,NA,NA,NA,NA,NA,NA,NA,2.057e+09,NA,NA,NA,NA,NA,NA,NA,NA,NA,NA
"fdi","Pakistan","PK","PAK",2019,NA,NA,NA,NA,NA,NA,NA,2.234e+09,NA,NA,NA,NA,NA,NA,NA,NA,NA,NA
"fdi","Pakistan","PK","PAK",2018,NA,NA,NA,NA,NA,NA,NA,1.737e+09,NA,NA,NA,NA,NA,NA,NA,NA,NA,NA
"fdi","Pakistan","PK","PAK",2017,NA,NA,NA,NA,NA,NA,NA,2.496e+09,NA,NA,NA,NA,NA,NA,NA,NA,NA,NA
"fdi","Pakistan","PK","PAK",2016,NA,NA,NA,NA,NA,NA,NA,2.576e+09,NA,NA,NA,NA,NA,NA,NA,NA,NA,NA
"fdi","Pakistan","PK","PAK",2015,NA,NA,NA,NA,NA,NA,NA,1.673e+09,NA,NA,NA,NA,NA,NA,NA,NA,NA,NA
"fdi","Pakistan","PK","PAK",2014,NA,NA,NA,NA,NA,NA,NA,1.887e+09,NA,NA,NA,NA,NA,NA,NA,NA,NA,NA
"fdi","Pakistan","PK","PAK",2013,NA,NA,NA,NA,NA,NA,NA,1.333e+09,NA,NA,NA,NA,NA,NA,NA,NA,NA,NA
"fdi","Pakistan","PK","PAK",2012,NA,NA,NA,NA,NA,NA,NA,8.59e+08,NA,NA,NA,NA,NA,NA,NA,NA,NA,NA
"fdi","Pakistan","PK","PAK",2011,NA,NA,NA,NA,NA,NA,NA,1.326e+09,NA,NA,NA,NA,NA,NA,NA,NA,NA,NA
"fdi","Pakistan","PK","PAK",2010,NA,NA,NA,NA,NA,NA,NA,2.022e+09,NA,NA,NA,NA,NA,NA,NA,NA,NA,NA
"fdi","Pakistan","PK","PAK",2009,NA,NA,NA,NA,NA,NA,NA,2.338e+09,NA,NA,NA,NA,NA,NA,NA,NA,NA,NA
"fdi","Pakistan","PK","PAK",2008,NA,NA,NA,NA,NA,NA,NA,5.438e+09,NA,NA,NA,NA,NA,NA,NA,NA,NA,NA
"fdi","Pakistan","PK","PAK",2007,NA,NA,NA,NA,NA,NA,NA,5.59e+09,NA,NA,NA,NA,NA,NA,NA,NA,NA,NA
"fdi","Pakistan","PK","PAK",2006,NA,NA,NA,NA,NA,NA,NA,4.273e+09,NA,NA,NA,NA,NA,NA,NA,NA,NA,NA
"fdi","Pakistan","PK","PAK",2005,NA,NA,NA,NA,NA,NA,NA,2.201e+09,NA,NA,NA,NA,NA,NA,NA,NA,NA,NA
"fdi","Pakistan","PK","PAK",2004,NA,NA,NA,NA,NA,NA,NA,1.118e+09,NA,NA,NA,NA,NA,NA,NA,NA,NA,NA
"fdi","Pakistan","PK","PAK",2003,NA,NA,NA,NA,NA,NA,NA,5.34e+08,NA,NA,NA,NA,NA,NA,NA,NA,NA,NA
"fdi","Pakistan","PK","PAK",2002,NA,NA,NA,NA,NA,NA,NA,8.26e+08,NA,NA,NA,NA,NA,NA,NA,NA,NA,NA
"fdi","Pakistan","PK","PAK",2001,NA,NA,NA,NA,NA,NA,NA,3.78e+08,NA,NA,NA,NA,NA,NA,NA,NA,NA,NA
"fdi","Pakistan","PK","PAK",2000,NA,NA,NA,NA,NA,NA,NA,3.08e+08,NA,NA,NA,NA,NA,NA,NA,NA,NA,NA
"fdi","Pakistan","PK","PAK",1999,NA,NA,NA,NA,NA,NA,NA,5.32e+08,NA,NA,NA,NA,NA,NA,NA,NA,NA,NA
"fdi","Pakistan","PK","PAK",1998,NA,NA,NA,NA,NA,NA,NA,5.06e+08,NA,NA,NA,NA,NA,NA,NA,NA,NA,NA
"fdi","Pakistan","PK","PAK",1997,NA,NA,NA,NA,NA,NA,NA,716253125.440908,NA,NA,NA,NA,NA,NA,NA,NA,NA,NA
"fdi","Pakistan","PK","PAK",1996,NA,NA,NA,NA,NA,NA,NA,921976182.51983,NA,NA,NA,NA,NA,NA,NA,NA,NA,NA
"fdi","Pakistan","PK","PAK",1995,NA,NA,NA,NA,NA,NA,NA,722631560.660743,NA,NA,NA,NA,NA,NA,NA,NA,NA,NA
"fdi","Pakistan","PK","PAK",1994,NA,NA,NA,NA,NA,NA,NA,421024638.454288,NA,NA,NA,NA,NA,NA,NA,NA,NA,NA
"fdi","Pakistan","PK","PAK",1993,NA,NA,NA,NA,NA,NA,NA,348556957.814185,NA,NA,NA,NA,NA,NA,NA,NA,NA,NA
"fdi","Pakistan","PK","PAK",1992,NA,NA,NA,NA,NA,NA,NA,336479857.130617,NA,NA,NA,NA,NA,NA,NA,NA,NA,NA
"fdi","Pakistan","PK","PAK",1991,NA,NA,NA,NA,NA,NA,NA,258414487.035348,NA,NA,NA,NA,NA,NA,NA,NA,NA,NA
"fdi","Pakistan","PK","PAK",1990,NA,NA,NA,NA,NA,NA,NA,245262963.460759,NA,NA,NA,NA,NA,NA,NA,NA,NA,NA
"population","Pakistan","PK","PAK",2023,NA,NA,NA,NA,NA,NA,NA,NA,247504495,NA,NA,NA,NA,NA,NA,NA,NA,NA
"population","Pakistan","PK","PAK",2022,NA,NA,NA,NA,NA,NA,NA,NA,243700667,NA,NA,NA,NA,NA,NA,NA,NA,NA
"population","Pakistan","PK","PAK",2021,NA,NA,NA,NA,NA,NA,NA,NA,239477801,NA,NA,NA,NA,NA,NA,NA,NA,NA
"population","Pakistan","PK","PAK",2020,NA,NA,NA,NA,NA,NA,NA,NA,235001746,NA,NA,NA,NA,NA,NA,NA,NA,NA
"population","Pakistan","PK","PAK",2019,NA,NA,NA,NA,NA,NA,NA,NA,230800899,NA,NA,NA,NA,NA,NA,NA,NA,NA
"population","Pakistan","PK","PAK",2018,NA,NA,NA,NA,NA,NA,NA,NA,226928892,NA,NA,NA,NA,NA,NA,NA,NA,NA
"population","Pakistan","PK","PAK",2017,NA,NA,NA,NA,NA,NA,NA,NA,223273967,NA,NA,NA,NA,NA,NA,NA,NA,NA
"population","Pakistan","PK","PAK",2016,NA,NA,NA,NA,NA,NA,NA,NA,220138869,NA,NA,NA,NA,NA,NA,NA,NA,NA
"population","Pakistan","PK","PAK",2015,NA,NA,NA,NA,NA,NA,NA,NA,217290883,NA,NA,NA,NA,NA,NA,NA,NA,NA
"population","Pakistan","PK","PAK",2014,NA,NA,NA,NA,NA,NA,NA,NA,214264647,NA,NA,NA,NA,NA,NA,NA,NA,NA
"population","Pakistan","PK","PAK",2013,NA,NA,NA,NA,NA,NA,NA,NA,211073978,NA,NA,NA,NA,NA,NA,NA,NA,NA
"population","Pakistan","PK","PAK",2012,NA,NA,NA,NA,NA,NA,NA,NA,207667125,NA,NA,NA,NA,NA,NA,NA,NA,NA
"population","Pakistan","PK","PAK",2011,NA,NA,NA,NA,NA,NA,NA,NA,203746065,NA,NA,NA,NA,NA,NA,NA,NA,NA
"population","Pakistan","PK","PAK",2010,NA,NA,NA,NA,NA,NA,NA,NA,199239047,NA,NA,NA,NA,NA,NA,NA,NA,NA
"population","Pakistan","PK","PAK",2009,NA,NA,NA,NA,NA,NA,NA,NA,194376534,NA,NA,NA,NA,NA,NA,NA,NA,NA
"population","Pakistan","PK","PAK",2008,NA,NA,NA,NA,NA,NA,NA,NA,189499113,NA,NA,NA,NA,NA,NA,NA,NA,NA
"population","Pakistan","PK","PAK",2007,NA,NA,NA,NA,NA,NA,NA,NA,184493231,NA,NA,NA,NA,NA,NA,NA,NA,NA
"population","Pakistan","PK","PAK",2006,NA,NA,NA,NA,NA,NA,NA,NA,179682690,NA,NA,NA,NA,NA,NA,NA,NA,NA
"population","Pakistan","PK","PAK",2005,NA,NA,NA,NA,NA,NA,NA,NA,175453212,NA,NA,NA,NA,NA,NA,NA,NA,NA
"population","Pakistan","PK","PAK",2004,NA,NA,NA,NA,NA,NA,NA,NA,171286000,NA,NA,NA,NA,NA,NA,NA,NA,NA
"population","Pakistan","PK","PAK",2003,NA,NA,NA,NA,NA,NA,NA,NA,167110248,NA,NA,NA,NA,NA,NA,NA,NA,NA
"population","Pakistan","PK","PAK",2002,NA,NA,NA,NA,NA,NA,NA,NA,163222549,NA,NA,NA,NA,NA,NA,NA,NA,NA
"population","Pakistan","PK","PAK",2001,NA,NA,NA,NA,NA,NA,NA,NA,159270907,NA,NA,NA,NA,NA,NA,NA,NA,NA
"population","Pakistan","PK","PAK",2000,NA,NA,NA,NA,NA,NA,NA,NA,154879127,NA,NA,NA,NA,NA,NA,NA,NA,NA
"population","Pakistan","PK","PAK",1999,NA,NA,NA,NA,NA,NA,NA,NA,150565377,NA,NA,NA,NA,NA,NA,NA,NA,NA
"population","Pakistan","PK","PAK",1998,NA,NA,NA,NA,NA,NA,NA,NA,146522356,NA,NA,NA,NA,NA,NA,NA,NA,NA
"population","Pakistan","PK","PAK",1997,NA,NA,NA,NA,NA,NA,NA,NA,142531804,NA,NA,NA,NA,NA,NA,NA,NA,NA
"population","Pakistan","PK","PAK",1996,NA,NA,NA,NA,NA,NA,NA,NA,138557092,NA,NA,NA,NA,NA,NA,NA,NA,NA
"population","Pakistan","PK","PAK",1995,NA,NA,NA,NA,NA,NA,NA,NA,134582253,NA,NA,NA,NA,NA,NA,NA,NA,NA
"population","Pakistan","PK","PAK",1994,NA,NA,NA,NA,NA,NA,NA,NA,130748083,NA,NA,NA,NA,NA,NA,NA,NA,NA
"population","Pakistan","PK","PAK",1993,NA,NA,NA,NA,NA,NA,NA,NA,127020117,NA,NA,NA,NA,NA,NA,NA,NA,NA
"population","Pakistan","PK","PAK",1992,NA,NA,NA,NA,NA,NA,NA,NA,123546848,NA,NA,NA,NA,NA,NA,NA,NA,NA
"population","Pakistan","PK","PAK",1991,NA,NA,NA,NA,NA,NA,NA,NA,120060406,NA,NA,NA,NA,NA,NA,NA,NA,NA
"population","Pakistan","PK","PAK",1990,NA,NA,NA,NA,NA,NA,NA,NA,116155576,NA,NA,NA,NA,NA,NA,NA,NA,NA
"urban_pop","Pakistan","PK","PAK",2023,NA,NA,NA,NA,NA,NA,NA,NA,NA,38.04,NA,NA,NA,NA,NA,NA,NA,NA
"urban_pop","Pakistan","PK","PAK",2022,NA,NA,NA,NA,NA,NA,NA,NA,NA,37.731,NA,NA,NA,NA,NA,NA,NA,NA
"urban_pop","Pakistan","PK","PAK",2021,NA,NA,NA,NA,NA,NA,NA,NA,NA,37.44,NA,NA,NA,NA,NA,NA,NA,NA
"urban_pop","Pakistan","PK","PAK",2020,NA,NA,NA,NA,NA,NA,NA,NA,NA,37.165,NA,NA,NA,NA,NA,NA,NA,NA
"urban_pop","Pakistan","PK","PAK",2019,NA,NA,NA,NA,NA,NA,NA,NA,NA,36.907,NA,NA,NA,NA,NA,NA,NA,NA
"urban_pop","Pakistan","PK","PAK",2018,NA,NA,NA,NA,NA,NA,NA,NA,NA,36.666,NA,NA,NA,NA,NA,NA,NA,NA
"urban_pop","Pakistan","PK","PAK",2017,NA,NA,NA,NA,NA,NA,NA,NA,NA,36.442,NA,NA,NA,NA,NA,NA,NA,NA
"urban_pop","Pakistan","PK","PAK",2016,NA,NA,NA,NA,NA,NA,NA,NA,NA,36.234,NA,NA,NA,NA,NA,NA,NA,NA
"urban_pop","Pakistan","PK","PAK",2015,NA,NA,NA,NA,NA,NA,NA,NA,NA,36.026,NA,NA,NA,NA,NA,NA,NA,NA
"urban_pop","Pakistan","PK","PAK",2014,NA,NA,NA,NA,NA,NA,NA,NA,NA,35.819,NA,NA,NA,NA,NA,NA,NA,NA
"urban_pop","Pakistan","PK","PAK",2013,NA,NA,NA,NA,NA,NA,NA,NA,NA,35.613,NA,NA,NA,NA,NA,NA,NA,NA
"urban_pop","Pakistan","PK","PAK",2012,NA,NA,NA,NA,NA,NA,NA,NA,NA,35.408,NA,NA,NA,NA,NA,NA,NA,NA
"urban_pop","Pakistan","PK","PAK",2011,NA,NA,NA,NA,NA,NA,NA,NA,NA,35.202,NA,NA,NA,NA,NA,NA,NA,NA
"urban_pop","Pakistan","PK","PAK",2010,NA,NA,NA,NA,NA,NA,NA,NA,NA,34.997,NA,NA,NA,NA,NA,NA,NA,NA
"urban_pop","Pakistan","PK","PAK",2009,NA,NA,NA,NA,NA,NA,NA,NA,NA,34.793,NA,NA,NA,NA,NA,NA,NA,NA
"urban_pop","Pakistan","PK","PAK",2008,NA,NA,NA,NA,NA,NA,NA,NA,NA,34.59,NA,NA,NA,NA,NA,NA,NA,NA
"urban_pop","Pakistan","PK","PAK",2007,NA,NA,NA,NA,NA,NA,NA,NA,NA,34.387,NA,NA,NA,NA,NA,NA,NA,NA
"urban_pop","Pakistan","PK","PAK",2006,NA,NA,NA,NA,NA,NA,NA,NA,NA,34.184,NA,NA,NA,NA,NA,NA,NA,NA
"urban_pop","Pakistan","PK","PAK",2005,NA,NA,NA,NA,NA,NA,NA,NA,NA,33.982,NA,NA,NA,NA,NA,NA,NA,NA
"urban_pop","Pakistan","PK","PAK",2004,NA,NA,NA,NA,NA,NA,NA,NA,NA,33.781,NA,NA,NA,NA,NA,NA,NA,NA
"urban_pop","Pakistan","PK","PAK",2003,NA,NA,NA,NA,NA,NA,NA,NA,NA,33.58,NA,NA,NA,NA,NA,NA,NA,NA
"urban_pop","Pakistan","PK","PAK",2002,NA,NA,NA,NA,NA,NA,NA,NA,NA,33.38,NA,NA,NA,NA,NA,NA,NA,NA
"urban_pop","Pakistan","PK","PAK",2001,NA,NA,NA,NA,NA,NA,NA,NA,NA,33.18,NA,NA,NA,NA,NA,NA,NA,NA
"urban_pop","Pakistan","PK","PAK",2000,NA,NA,NA,NA,NA,NA,NA,NA,NA,32.982,NA,NA,NA,NA,NA,NA,NA,NA
"urban_pop","Pakistan","PK","PAK",1999,NA,NA,NA,NA,NA,NA,NA,NA,NA,32.783,NA,NA,NA,NA,NA,NA,NA,NA
"urban_pop","Pakistan","PK","PAK",1998,NA,NA,NA,NA,NA,NA,NA,NA,NA,32.585,NA,NA,NA,NA,NA,NA,NA,NA
"urban_pop","Pakistan","PK","PAK",1997,NA,NA,NA,NA,NA,NA,NA,NA,NA,32.348,NA,NA,NA,NA,NA,NA,NA,NA
"urban_pop","Pakistan","PK","PAK",1996,NA,NA,NA,NA,NA,NA,NA,NA,NA,32.092,NA,NA,NA,NA,NA,NA,NA,NA
"urban_pop","Pakistan","PK","PAK",1995,NA,NA,NA,NA,NA,NA,NA,NA,NA,31.836,NA,NA,NA,NA,NA,NA,NA,NA
"urban_pop","Pakistan","PK","PAK",1994,NA,NA,NA,NA,NA,NA,NA,NA,NA,31.582,NA,NA,NA,NA,NA,NA,NA,NA
"urban_pop","Pakistan","PK","PAK",1993,NA,NA,NA,NA,NA,NA,NA,NA,NA,31.329,NA,NA,NA,NA,NA,NA,NA,NA
"urban_pop","Pakistan","PK","PAK",1992,NA,NA,NA,NA,NA,NA,NA,NA,NA,31.077,NA,NA,NA,NA,NA,NA,NA,NA
"urban_pop","Pakistan","PK","PAK",1991,NA,NA,NA,NA,NA,NA,NA,NA,NA,30.826,NA,NA,NA,NA,NA,NA,NA,NA
"urban_pop","Pakistan","PK","PAK",1990,NA,NA,NA,NA,NA,NA,NA,NA,NA,30.576,NA,NA,NA,NA,NA,NA,NA,NA
"life_expectancy","Pakistan","PK","PAK",2023,NA,NA,NA,NA,NA,NA,NA,NA,NA,NA,67.649,NA,NA,NA,NA,NA,NA,NA
"life_expectancy","Pakistan","PK","PAK",2022,NA,NA,NA,NA,NA,NA,NA,NA,NA,NA,67.417,NA,NA,NA,NA,NA,NA,NA
"life_expectancy","Pakistan","PK","PAK",2021,NA,NA,NA,NA,NA,NA,NA,NA,NA,NA,65.773,NA,NA,NA,NA,NA,NA,NA
"life_expectancy","Pakistan","PK","PAK",2020,NA,NA,NA,NA,NA,NA,NA,NA,NA,NA,65.701,NA,NA,NA,NA,NA,NA,NA
"life_expectancy","Pakistan","PK","PAK",2019,NA,NA,NA,NA,NA,NA,NA,NA,NA,NA,66.729,NA,NA,NA,NA,NA,NA,NA
"life_expectancy","Pakistan","PK","PAK",2018,NA,NA,NA,NA,NA,NA,NA,NA,NA,NA,66.481,NA,NA,NA,NA,NA,NA,NA
"life_expectancy","Pakistan","PK","PAK",2017,NA,NA,NA,NA,NA,NA,NA,NA,NA,NA,66.223,NA,NA,NA,NA,NA,NA,NA
"life_expectancy","Pakistan","PK","PAK",2016,NA,NA,NA,NA,NA,NA,NA,NA,NA,NA,65.943,NA,NA,NA,NA,NA,NA,NA
"life_expectancy","Pakistan","PK","PAK",2015,NA,NA,NA,NA,NA,NA,NA,NA,NA,NA,65.641,NA,NA,NA,NA,NA,NA,NA
"life_expectancy","Pakistan","PK","PAK",2014,NA,NA,NA,NA,NA,NA,NA,NA,NA,NA,65.374,NA,NA,NA,NA,NA,NA,NA
"life_expectancy","Pakistan","PK","PAK",2013,NA,NA,NA,NA,NA,NA,NA,NA,NA,NA,65.129,NA,NA,NA,NA,NA,NA,NA
"life_expectancy","Pakistan","PK","PAK",2012,NA,NA,NA,NA,NA,NA,NA,NA,NA,NA,64.883,NA,NA,NA,NA,NA,NA,NA
"life_expectancy","Pakistan","PK","PAK",2011,NA,NA,NA,NA,NA,NA,NA,NA,NA,NA,64.659,NA,NA,NA,NA,NA,NA,NA
"life_expectancy","Pakistan","PK","PAK",2010,NA,NA,NA,NA,NA,NA,NA,NA,NA,NA,64.378,NA,NA,NA,NA,NA,NA,NA
"life_expectancy","Pakistan","PK","PAK",2009,NA,NA,NA,NA,NA,NA,NA,NA,NA,NA,64.206,NA,NA,NA,NA,NA,NA,NA
"life_expectancy","Pakistan","PK","PAK",2008,NA,NA,NA,NA,NA,NA,NA,NA,NA,NA,64.002,NA,NA,NA,NA,NA,NA,NA
"life_expectancy","Pakistan","PK","PAK",2007,NA,NA,NA,NA,NA,NA,NA,NA,NA,NA,63.807,NA,NA,NA,NA,NA,NA,NA
"life_expectancy","Pakistan","PK","PAK",2006,NA,NA,NA,NA,NA,NA,NA,NA,NA,NA,63.624,NA,NA,NA,NA,NA,NA,NA
"life_expectancy","Pakistan","PK","PAK",2005,NA,NA,NA,NA,NA,NA,NA,NA,NA,NA,62.416,NA,NA,NA,NA,NA,NA,NA
"life_expectancy","Pakistan","PK","PAK",2004,NA,NA,NA,NA,NA,NA,NA,NA,NA,NA,63.097,NA,NA,NA,NA,NA,NA,NA
"life_expectancy","Pakistan","PK","PAK",2003,NA,NA,NA,NA,NA,NA,NA,NA,NA,NA,62.834,NA,NA,NA,NA,NA,NA,NA
"life_expectancy","Pakistan","PK","PAK",2002,NA,NA,NA,NA,NA,NA,NA,NA,NA,NA,62.556,NA,NA,NA,NA,NA,NA,NA
"life_expectancy","Pakistan","PK","PAK",2001,NA,NA,NA,NA,NA,NA,NA,NA,NA,NA,62.241,NA,NA,NA,NA,NA,NA,NA
"life_expectancy","Pakistan","PK","PAK",2000,NA,NA,NA,NA,NA,NA,NA,NA,NA,NA,61.903,NA,NA,NA,NA,NA,NA,NA
"life_expectancy","Pakistan","PK","PAK",1999,NA,NA,NA,NA,NA,NA,NA,NA,NA,NA,61.54,NA,NA,NA,NA,NA,NA,NA
"life_expectancy","Pakistan","PK","PAK",1998,NA,NA,NA,NA,NA,NA,NA,NA,NA,NA,61.134,NA,NA,NA,NA,NA,NA,NA
"life_expectancy","Pakistan","PK","PAK",1997,NA,NA,NA,NA,NA,NA,NA,NA,NA,NA,60.623,NA,NA,NA,NA,NA,NA,NA
"life_expectancy","Pakistan","PK","PAK",1996,NA,NA,NA,NA,NA,NA,NA,NA,NA,NA,60.466,NA,NA,NA,NA,NA,NA,NA
"life_expectancy","Pakistan","PK","PAK",1995,NA,NA,NA,NA,NA,NA,NA,NA,NA,NA,60.273,NA,NA,NA,NA,NA,NA,NA
"life_expectancy","Pakistan","PK","PAK",1994,NA,NA,NA,NA,NA,NA,NA,NA,NA,NA,60.197,NA,NA,NA,NA,NA,NA,NA
"life_expectancy","Pakistan","PK","PAK",1993,NA,NA,NA,NA,NA,NA,NA,NA,NA,NA,60.083,NA,NA,NA,NA,NA,NA,NA
"life_expectancy","Pakistan","PK","PAK",1992,NA,NA,NA,NA,NA,NA,NA,NA,NA,NA,59.983,NA,NA,NA,NA,NA,NA,NA
"life_expectancy","Pakistan","PK","PAK",1991,NA,NA,NA,NA,NA,NA,NA,NA,NA,NA,59.864,NA,NA,NA,NA,NA,NA,NA
"life_expectancy","Pakistan","PK","PAK",1990,NA,NA,NA,NA,NA,NA,NA,NA,NA,NA,59.728,NA,NA,NA,NA,NA,NA,NA
"literacy","Pakistan","PK","PAK",2023,NA,NA,NA,NA,NA,NA,NA,NA,NA,NA,NA,NA,NA,NA,NA,NA,NA,NA
"literacy","Pakistan","PK","PAK",2022,NA,NA,NA,NA,NA,NA,NA,NA,NA,NA,NA,NA,NA,NA,NA,NA,NA,NA
"literacy","Pakistan","PK","PAK",2021,NA,NA,NA,NA,NA,NA,NA,NA,NA,NA,NA,NA,NA,NA,NA,NA,NA,NA
"literacy","Pakistan","PK","PAK",2020,NA,NA,NA,NA,NA,NA,NA,NA,NA,NA,NA,NA,NA,NA,NA,NA,NA,NA
"literacy","Pakistan","PK","PAK",2019,NA,NA,NA,NA,NA,NA,NA,NA,NA,NA,NA,58,NA,NA,NA,NA,NA,NA
"literacy","Pakistan","PK","PAK",2018,NA,NA,NA,NA,NA,NA,NA,NA,NA,NA,NA,57,NA,NA,NA,NA,NA,NA
"literacy","Pakistan","PK","PAK",2017,NA,NA,NA,NA,NA,NA,NA,NA,NA,NA,NA,59,NA,NA,NA,NA,NA,NA
"literacy","Pakistan","PK","PAK",2016,NA,NA,NA,NA,NA,NA,NA,NA,NA,NA,NA,NA,NA,NA,NA,NA,NA,NA
"literacy","Pakistan","PK","PAK",2015,NA,NA,NA,NA,NA,NA,NA,NA,NA,NA,NA,NA,NA,NA,NA,NA,NA,NA
"literacy","Pakistan","PK","PAK",2014,NA,NA,NA,NA,NA,NA,NA,NA,NA,NA,NA,57,NA,NA,NA,NA,NA,NA
"literacy","Pakistan","PK","PAK",2013,NA,NA,NA,NA,NA,NA,NA,NA,NA,NA,NA,56,NA,NA,NA,NA,NA,NA
"literacy","Pakistan","PK","PAK",2012,NA,NA,NA,NA,NA,NA,NA,NA,NA,NA,NA,57,NA,NA,NA,NA,NA,NA
"literacy","Pakistan","PK","PAK",2011,NA,NA,NA,NA,NA,NA,NA,NA,NA,NA,NA,55,NA,NA,NA,NA,NA,NA
"literacy","Pakistan","PK","PAK",2010,NA,NA,NA,NA,NA,NA,NA,NA,NA,NA,NA,55,NA,NA,NA,NA,NA,NA
"literacy","Pakistan","PK","PAK",2009,NA,NA,NA,NA,NA,NA,NA,NA,NA,NA,NA,55,NA,NA,NA,NA,NA,NA
"literacy","Pakistan","PK","PAK",2008,NA,NA,NA,NA,NA,NA,NA,NA,NA,NA,NA,56,NA,NA,NA,NA,NA,NA
"literacy","Pakistan","PK","PAK",2007,NA,NA,NA,NA,NA,NA,NA,NA,NA,NA,NA,52,NA,NA,NA,NA,NA,NA
"literacy","Pakistan","PK","PAK",2006,NA,NA,NA,NA,NA,NA,NA,NA,NA,NA,NA,54,NA,NA,NA,NA,NA,NA
"literacy","Pakistan","PK","PAK",2005,NA,NA,NA,NA,NA,NA,NA,NA,NA,NA,NA,50,NA,NA,NA,NA,NA,NA
"literacy","Pakistan","PK","PAK",2004,NA,NA,NA,NA,NA,NA,NA,NA,NA,NA,NA,NA,NA,NA,NA,NA,NA,NA
"literacy","Pakistan","PK","PAK",2003,NA,NA,NA,NA,NA,NA,NA,NA,NA,NA,NA,NA,NA,NA,NA,NA,NA,NA
"literacy","Pakistan","PK","PAK",2002,NA,NA,NA,NA,NA,NA,NA,NA,NA,NA,NA,NA,NA,NA,NA,NA,NA,NA
"literacy","Pakistan","PK","PAK",2001,NA,NA,NA,NA,NA,NA,NA,NA,NA,NA,NA,NA,NA,NA,NA,NA,NA,NA
"literacy","Pakistan","PK","PAK",2000,NA,NA,NA,NA,NA,NA,NA,NA,NA,NA,NA,NA,NA,NA,NA,NA,NA,NA
"literacy","Pakistan","PK","PAK",1999,NA,NA,NA,NA,NA,NA,NA,NA,NA,NA,NA,NA,NA,NA,NA,NA,NA,NA
"literacy","Pakistan","PK","PAK",1998,NA,NA,NA,NA,NA,NA,NA,NA,NA,NA,NA,43,NA,NA,NA,NA,NA,NA
"literacy","Pakistan","PK","PAK",1997,NA,NA,NA,NA,NA,NA,NA,NA,NA,NA,NA,NA,NA,NA,NA,NA,NA,NA
"literacy","Pakistan","PK","PAK",1996,NA,NA,NA,NA,NA,NA,NA,NA,NA,NA,NA,NA,NA,NA,NA,NA,NA,NA
"literacy","Pakistan","PK","PAK",1995,NA,NA,NA,NA,NA,NA,NA,NA,NA,NA,NA,NA,NA,NA,NA,NA,NA,NA
"literacy","Pakistan","PK","PAK",1994,NA,NA,NA,NA,NA,NA,NA,NA,NA,NA,NA,NA,NA,NA,NA,NA,NA,NA
"literacy","Pakistan","PK","PAK",1993,NA,NA,NA,NA,NA,NA,NA,NA,NA,NA,NA,NA,NA,NA,NA,NA,NA,NA
"literacy","Pakistan","PK","PAK",1992,NA,NA,NA,NA,NA,NA,NA,NA,NA,NA,NA,NA,NA,NA,NA,NA,NA,NA
"literacy","Pakistan","PK","PAK",1991,NA,NA,NA,NA,NA,NA,NA,NA,NA,NA,NA,NA,NA,NA,NA,NA,NA,NA
"literacy","Pakistan","PK","PAK",1990,NA,NA,NA,NA,NA,NA,NA,NA,NA,NA,NA,NA,NA,NA,NA,NA,NA,NA
"poverty","Pakistan","PK","PAK",2023,NA,NA,NA,NA,NA,NA,NA,NA,NA,NA,NA,NA,NA,NA,NA,NA,NA,NA
"poverty","Pakistan","PK","PAK",2022,NA,NA,NA,NA,NA,NA,NA,NA,NA,NA,NA,NA,NA,NA,NA,NA,NA,NA
"poverty","Pakistan","PK","PAK",2021,NA,NA,NA,NA,NA,NA,NA,NA,NA,NA,NA,NA,NA,NA,NA,NA,NA,NA
"poverty","Pakistan","PK","PAK",2020,NA,NA,NA,NA,NA,NA,NA,NA,NA,NA,NA,NA,NA,NA,NA,NA,NA,NA
"poverty","Pakistan","PK","PAK",2019,NA,NA,NA,NA,NA,NA,NA,NA,NA,NA,NA,NA,NA,NA,NA,NA,NA,NA
"poverty","Pakistan","PK","PAK",2018,NA,NA,NA,NA,NA,NA,NA,NA,NA,NA,NA,NA,21.9,NA,NA,NA,NA,NA
"poverty","Pakistan","PK","PAK",2017,NA,NA,NA,NA,NA,NA,NA,NA,NA,NA,NA,NA,NA,NA,NA,NA,NA,NA
"poverty","Pakistan","PK","PAK",2016,NA,NA,NA,NA,NA,NA,NA,NA,NA,NA,NA,NA,NA,NA,NA,NA,NA,NA
"poverty","Pakistan","PK","PAK",2015,NA,NA,NA,NA,NA,NA,NA,NA,NA,NA,NA,NA,24.3,NA,NA,NA,NA,NA
"poverty","Pakistan","PK","PAK",2014,NA,NA,NA,NA,NA,NA,NA,NA,NA,NA,NA,NA,NA,NA,NA,NA,NA,NA
"poverty","Pakistan","PK","PAK",2013,NA,NA,NA,NA,NA,NA,NA,NA,NA,NA,NA,NA,29.5,NA,NA,NA,NA,NA
"poverty","Pakistan","PK","PAK",2012,NA,NA,NA,NA,NA,NA,NA,NA,NA,NA,NA,NA,NA,NA,NA,NA,NA,NA
"poverty","Pakistan","PK","PAK",2011,NA,NA,NA,NA,NA,NA,NA,NA,NA,NA,NA,NA,36.3,NA,NA,NA,NA,NA
"poverty","Pakistan","PK","PAK",2010,NA,NA,NA,NA,NA,NA,NA,NA,NA,NA,NA,NA,36.8,NA,NA,NA,NA,NA
"poverty","Pakistan","PK","PAK",2009,NA,NA,NA,NA,NA,NA,NA,NA,NA,NA,NA,NA,NA,NA,NA,NA,NA,NA
"poverty","Pakistan","PK","PAK",2008,NA,NA,NA,NA,NA,NA,NA,NA,NA,NA,NA,NA,NA,NA,NA,NA,NA,NA
"poverty","Pakistan","PK","PAK",2007,NA,NA,NA,NA,NA,NA,NA,NA,NA,NA,NA,NA,44.1,NA,NA,NA,NA,NA
"poverty","Pakistan","PK","PAK",2006,NA,NA,NA,NA,NA,NA,NA,NA,NA,NA,NA,NA,NA,NA,NA,NA,NA,NA
"poverty","Pakistan","PK","PAK",2005,NA,NA,NA,NA,NA,NA,NA,NA,NA,NA,NA,NA,50.4,NA,NA,NA,NA,NA
"poverty","Pakistan","PK","PAK",2004,NA,NA,NA,NA,NA,NA,NA,NA,NA,NA,NA,NA,51.7,NA,NA,NA,NA,NA
"poverty","Pakistan","PK","PAK",2003,NA,NA,NA,NA,NA,NA,NA,NA,NA,NA,NA,NA,NA,NA,NA,NA,NA,NA
"poverty","Pakistan","PK","PAK",2002,NA,NA,NA,NA,NA,NA,NA,NA,NA,NA,NA,NA,NA,NA,NA,NA,NA,NA
"poverty","Pakistan","PK","PAK",2001,NA,NA,NA,NA,NA,NA,NA,NA,NA,NA,NA,NA,64.3,NA,NA,NA,NA,NA
"poverty","Pakistan","PK","PAK",2000,NA,NA,NA,NA,NA,NA,NA,NA,NA,NA,NA,NA,NA,NA,NA,NA,NA,NA
"poverty","Pakistan","PK","PAK",1999,NA,NA,NA,NA,NA,NA,NA,NA,NA,NA,NA,NA,NA,NA,NA,NA,NA,NA
"poverty","Pakistan","PK","PAK",1998,NA,NA,NA,NA,NA,NA,NA,NA,NA,NA,NA,NA,NA,NA,NA,NA,NA,NA
"poverty","Pakistan","PK","PAK",1997,NA,NA,NA,NA,NA,NA,NA,NA,NA,NA,NA,NA,NA,NA,NA,NA,NA,NA
"poverty","Pakistan","PK","PAK",1996,NA,NA,NA,NA,NA,NA,NA,NA,NA,NA,NA,NA,NA,NA,NA,NA,NA,NA
"poverty","Pakistan","PK","PAK",1995,NA,NA,NA,NA,NA,NA,NA,NA,NA,NA,NA,NA,NA,NA,NA,NA,NA,NA
"poverty","Pakistan","PK","PAK",1994,NA,NA,NA,NA,NA,NA,NA,NA,NA,NA,NA,NA,NA,NA,NA,NA,NA,NA
"poverty","Pakistan","PK","PAK",1993,NA,NA,NA,NA,NA,NA,NA,NA,NA,NA,NA,NA,NA,NA,NA,NA,NA,NA
"poverty","Pakistan","PK","PAK",1992,NA,NA,NA,NA,NA,NA,NA,NA,NA,NA,NA,NA,NA,NA,NA,NA,NA,NA
"poverty","Pakistan","PK","PAK",1991,NA,NA,NA,NA,NA,NA,NA,NA,NA,NA,NA,NA,NA,NA,NA,NA,NA,NA
"poverty","Pakistan","PK","PAK",1990,NA,NA,NA,NA,NA,NA,NA,NA,NA,NA,NA,NA,NA,NA,NA,NA,NA,NA
"gini","Pakistan","PK","PAK",2023,NA,NA,NA,NA,NA,NA,NA,NA,NA,NA,NA,NA,NA,NA,NA,NA,NA,NA
"gini","Pakistan","PK","PAK",2022,NA,NA,NA,NA,NA,NA,NA,NA,NA,NA,NA,NA,NA,NA,NA,NA,NA,NA
"gini","Pakistan","PK","PAK",2021,NA,NA,NA,NA,NA,NA,NA,NA,NA,NA,NA,NA,NA,NA,NA,NA,NA,NA
"gini","Pakistan","PK","PAK",2020,NA,NA,NA,NA,NA,NA,NA,NA,NA,NA,NA,NA,NA,NA,NA,NA,NA,NA
"gini","Pakistan","PK","PAK",2019,NA,NA,NA,NA,NA,NA,NA,NA,NA,NA,NA,NA,NA,NA,NA,NA,NA,NA
"gini","Pakistan","PK","PAK",2018,NA,NA,NA,NA,NA,NA,NA,NA,NA,NA,NA,NA,NA,29.6,NA,NA,NA,NA
"gini","Pakistan","PK","PAK",2017,NA,NA,NA,NA,NA,NA,NA,NA,NA,NA,NA,NA,NA,NA,NA,NA,NA,NA
"gini","Pakistan","PK","PAK",2016,NA,NA,NA,NA,NA,NA,NA,NA,NA,NA,NA,NA,NA,NA,NA,NA,NA,NA
"gini","Pakistan","PK","PAK",2015,NA,NA,NA,NA,NA,NA,NA,NA,NA,NA,NA,NA,NA,31.3,NA,NA,NA,NA
"gini","Pakistan","PK","PAK",2014,NA,NA,NA,NA,NA,NA,NA,NA,NA,NA,NA,NA,NA,NA,NA,NA,NA,NA
"gini","Pakistan","PK","PAK",2013,NA,NA,NA,NA,NA,NA,NA,NA,NA,NA,NA,NA,NA,29.5,NA,NA,NA,NA
"gini","Pakistan","PK","PAK",2012,NA,NA,NA,NA,NA,NA,NA,NA,NA,NA,NA,NA,NA,NA,NA,NA,NA,NA
"gini","Pakistan","PK","PAK",2011,NA,NA,NA,NA,NA,NA,NA,NA,NA,NA,NA,NA,NA,29.7,NA,NA,NA,NA
"gini","Pakistan","PK","PAK",2010,NA,NA,NA,NA,NA,NA,NA,NA,NA,NA,NA,NA,NA,28.8,NA,NA,NA,NA
"gini","Pakistan","PK","PAK",2009,NA,NA,NA,NA,NA,NA,NA,NA,NA,NA,NA,NA,NA,NA,NA,NA,NA,NA
"gini","Pakistan","PK","PAK",2008,NA,NA,NA,NA,NA,NA,NA,NA,NA,NA,NA,NA,NA,NA,NA,NA,NA,NA
"gini","Pakistan","PK","PAK",2007,NA,NA,NA,NA,NA,NA,NA,NA,NA,NA,NA,NA,NA,29.7,NA,NA,NA,NA
"gini","Pakistan","PK","PAK",2006,NA,NA,NA,NA,NA,NA,NA,NA,NA,NA,NA,NA,NA,NA,NA,NA,NA,NA
"gini","Pakistan","PK","PAK",2005,NA,NA,NA,NA,NA,NA,NA,NA,NA,NA,NA,NA,NA,31.3,NA,NA,NA,NA
"gini","Pakistan","PK","PAK",2004,NA,NA,NA,NA,NA,NA,NA,NA,NA,NA,NA,NA,NA,30.9,NA,NA,NA,NA
"gini","Pakistan","PK","PAK",2003,NA,NA,NA,NA,NA,NA,NA,NA,NA,NA,NA,NA,NA,NA,NA,NA,NA,NA
"gini","Pakistan","PK","PAK",2002,NA,NA,NA,NA,NA,NA,NA,NA,NA,NA,NA,NA,NA,NA,NA,NA,NA,NA
"gini","Pakistan","PK","PAK",2001,NA,NA,NA,NA,NA,NA,NA,NA,NA,NA,NA,NA,NA,28.7,NA,NA,NA,NA
"gini","Pakistan","PK","PAK",2000,NA,NA,NA,NA,NA,NA,NA,NA,NA,NA,NA,NA,NA,NA,NA,NA,NA,NA
"gini","Pakistan","PK","PAK",1999,NA,NA,NA,NA,NA,NA,NA,NA,NA,NA,NA,NA,NA,NA,NA,NA,NA,NA
"gini","Pakistan","PK","PAK",1998,NA,NA,NA,NA,NA,NA,NA,NA,NA,NA,NA,NA,NA,33.1,NA,NA,NA,NA
"gini","Pakistan","PK","PAK",1997,NA,NA,NA,NA,NA,NA,NA,NA,NA,NA,NA,NA,NA,NA,NA,NA,NA,NA
"gini","Pakistan","PK","PAK",1996,NA,NA,NA,NA,NA,NA,NA,NA,NA,NA,NA,NA,NA,28.7,NA,NA,NA,NA
"gini","Pakistan","PK","PAK",1995,NA,NA,NA,NA,NA,NA,NA,NA,NA,NA,NA,NA,NA,NA,NA,NA,NA,NA
"gini","Pakistan","PK","PAK",1994,NA,NA,NA,NA,NA,NA,NA,NA,NA,NA,NA,NA,NA,NA,NA,NA,NA,NA
"gini","Pakistan","PK","PAK",1993,NA,NA,NA,NA,NA,NA,NA,NA,NA,NA,NA,NA,NA,NA,NA,NA,NA,NA
"gini","Pakistan","PK","PAK",1992,NA,NA,NA,NA,NA,NA,NA,NA,NA,NA,NA,NA,NA,NA,NA,NA,NA,NA
"gini","Pakistan","PK","PAK",1991,NA,NA,NA,NA,NA,NA,NA,NA,NA,NA,NA,NA,NA,NA,NA,NA,NA,NA
"gini","Pakistan","PK","PAK",1990,NA,NA,NA,NA,NA,NA,NA,NA,NA,NA,NA,NA,NA,33.2,NA,NA,NA,NA
"trade_balance","Pakistan","PK","PAK",2023,NA,NA,NA,NA,NA,NA,NA,NA,NA,NA,NA,NA,NA,NA,-25817981792.2876,NA,NA,NA
"trade_balance","Pakistan","PK","PAK",2022,NA,NA,NA,NA,NA,NA,NA,NA,NA,NA,NA,NA,NA,NA,-44800038644.2933,NA,NA,NA
"trade_balance","Pakistan","PK","PAK",2021,NA,NA,NA,NA,NA,NA,NA,NA,NA,NA,NA,NA,NA,NA,-31112850067.1021,NA,NA,NA
"trade_balance","Pakistan","PK","PAK",2020,NA,NA,NA,NA,NA,NA,NA,NA,NA,NA,NA,NA,NA,NA,-24392041494.5243,NA,NA,NA
"trade_balance","Pakistan","PK","PAK",2019,NA,NA,NA,NA,NA,NA,NA,NA,NA,NA,NA,NA,NA,NA,-32488393368.6633,NA,NA,NA
"trade_balance","Pakistan","PK","PAK",2018,NA,NA,NA,NA,NA,NA,NA,NA,NA,NA,NA,NA,NA,NA,-37259759399.4074,NA,NA,NA
"trade_balance","Pakistan","PK","PAK",2017,NA,NA,NA,NA,NA,NA,NA,NA,NA,NA,NA,NA,NA,NA,-30626231102.7766,NA,NA,NA
"trade_balance","Pakistan","PK","PAK",2016,NA,NA,NA,NA,NA,NA,NA,NA,NA,NA,NA,NA,NA,NA,-22669632006.3244,NA,NA,NA
"trade_balance","Pakistan","PK","PAK",2015,NA,NA,NA,NA,NA,NA,NA,NA,NA,NA,NA,NA,NA,NA,-20214678694.3083,NA,NA,NA
"trade_balance","Pakistan","PK","PAK",2014,NA,NA,NA,NA,NA,NA,NA,NA,NA,NA,NA,NA,NA,NA,-19214125935.9735,NA,NA,NA
"trade_balance","Pakistan","PK","PAK",2013,NA,NA,NA,NA,NA,NA,NA,NA,NA,NA,NA,NA,NA,NA,-16903963807.9813,NA,NA,NA
"trade_balance","Pakistan","PK","PAK",2012,NA,NA,NA,NA,NA,NA,NA,NA,NA,NA,NA,NA,NA,NA,-18935710905.3021,NA,NA,NA
"trade_balance","Pakistan","PK","PAK",2011,NA,NA,NA,NA,NA,NA,NA,NA,NA,NA,NA,NA,NA,NA,-12445976549.0852,NA,NA,NA
"trade_balance","Pakistan","PK","PAK",2010,NA,NA,NA,NA,NA,NA,NA,NA,NA,NA,NA,NA,NA,NA,-13208171672.8549,NA,NA,NA
"trade_balance","Pakistan","PK","PAK",2009,NA,NA,NA,NA,NA,NA,NA,NA,NA,NA,NA,NA,NA,NA,-16007846666.7431,NA,NA,NA
"trade_balance","Pakistan","PK","PAK",2008,NA,NA,NA,NA,NA,NA,NA,NA,NA,NA,NA,NA,NA,NA,-21428199019.9292,NA,NA,NA
"trade_balance","Pakistan","PK","PAK",2007,NA,NA,NA,NA,NA,NA,NA,NA,NA,NA,NA,NA,NA,NA,-13880038493.1276,NA,NA,NA
"trade_balance","Pakistan","PK","PAK",2006,NA,NA,NA,NA,NA,NA,NA,NA,NA,NA,NA,NA,NA,NA,-12871731104.0052,NA,NA,NA
"trade_balance","Pakistan","PK","PAK",2005,NA,NA,NA,NA,NA,NA,NA,NA,NA,NA,NA,NA,NA,NA,-7804685162.47288,NA,NA,NA
"trade_balance","Pakistan","PK","PAK",2004,NA,NA,NA,NA,NA,NA,NA,NA,NA,NA,NA,NA,NA,NA,-2594600000,NA,NA,NA
"trade_balance","Pakistan","PK","PAK",2003,NA,NA,NA,NA,NA,NA,NA,NA,NA,NA,NA,NA,NA,NA,-360568550.45245,NA,NA,NA
"trade_balance","Pakistan","PK","PAK",2002,NA,NA,NA,NA,NA,NA,NA,NA,NA,NA,NA,NA,NA,NA,-590557973.367977,NA,NA,NA
"trade_balance","Pakistan","PK","PAK",2001,NA,NA,NA,NA,NA,NA,NA,NA,NA,NA,NA,NA,NA,NA,-2258502232.90965,NA,NA,NA
"trade_balance","Pakistan","PK","PAK",2000,NA,NA,NA,NA,NA,NA,NA,NA,NA,NA,NA,NA,NA,NA,-2189374438.27011,NA,NA,NA
"trade_balance","Pakistan","PK","PAK",1999,NA,NA,NA,NA,NA,NA,NA,NA,NA,NA,NA,NA,NA,NA,-1015745741.36355,NA,NA,NA
"trade_balance","Pakistan","PK","PAK",1998,NA,NA,NA,NA,NA,NA,NA,NA,NA,NA,NA,NA,NA,NA,-648129007.982868,NA,NA,NA
"trade_balance","Pakistan","PK","PAK",1997,NA,NA,NA,NA,NA,NA,NA,NA,NA,NA,NA,NA,NA,NA,-2927099543.05849,NA,NA,NA
"trade_balance","Pakistan","PK","PAK",1996,NA,NA,NA,NA,NA,NA,NA,NA,NA,NA,NA,NA,NA,NA,-2864555917.67556,NA,NA,NA
"trade_balance","Pakistan","PK","PAK",1995,NA,NA,NA,NA,NA,NA,NA,NA,NA,NA,NA,NA,NA,NA,-1644944061.21055,NA,NA,NA
"trade_balance","Pakistan","PK","PAK",1994,NA,NA,NA,NA,NA,NA,NA,NA,NA,NA,NA,NA,NA,NA,-1433344462.87845,NA,NA,NA
"trade_balance","Pakistan","PK","PAK",1993,NA,NA,NA,NA,NA,NA,NA,NA,NA,NA,NA,NA,NA,NA,-3157885590.6554,NA,NA,NA
"trade_balance","Pakistan","PK","PAK",1992,NA,NA,NA,NA,NA,NA,NA,NA,NA,NA,NA,NA,NA,NA,-1541375309.83577,NA,NA,NA
"trade_balance","Pakistan","PK","PAK",1991,NA,NA,NA,NA,NA,NA,NA,NA,NA,NA,NA,NA,NA,NA,-709414528.491248,NA,NA,NA
"trade_balance","Pakistan","PK","PAK",1990,NA,NA,NA,NA,NA,NA,NA,NA,NA,NA,NA,NA,NA,NA,-2183424484.64451,NA,NA,NA
"current_account","Pakistan","PK","PAK",2023,NA,NA,NA,NA,NA,NA,NA,NA,NA,NA,NA,NA,NA,NA,NA,-1039115536.91012,NA,NA
"current_account","Pakistan","PK","PAK",2022,NA,NA,NA,NA,NA,NA,NA,NA,NA,NA,NA,NA,NA,NA,NA,-12216107000,NA,NA
"current_account","Pakistan","PK","PAK",2021,NA,NA,NA,NA,NA,NA,NA,NA,NA,NA,NA,NA,NA,NA,NA,-12283106000,NA,NA
"current_account","Pakistan","PK","PAK",2020,NA,NA,NA,NA,NA,NA,NA,NA,NA,NA,NA,NA,NA,NA,NA,-650874000.000002,NA,NA
"current_account","Pakistan","PK","PAK",2019,NA,NA,NA,NA,NA,NA,NA,NA,NA,NA,NA,NA,NA,NA,NA,-8557928000,NA,NA
"current_account","Pakistan","PK","PAK",2018,NA,NA,NA,NA,NA,NA,NA,NA,NA,NA,NA,NA,NA,NA,NA,-18858987000,NA,NA
"current_account","Pakistan","PK","PAK",2017,NA,NA,NA,NA,NA,NA,NA,NA,NA,NA,NA,NA,NA,NA,NA,-16179621000,NA,NA
"current_account","Pakistan","PK","PAK",2016,NA,NA,NA,NA,NA,NA,NA,NA,NA,NA,NA,NA,NA,NA,NA,-7190898000,NA,NA
"current_account","Pakistan","PK","PAK",2015,NA,NA,NA,NA,NA,NA,NA,NA,NA,NA,NA,NA,NA,NA,NA,-2.803e+09,NA,NA
"current_account","Pakistan","PK","PAK",2014,NA,NA,NA,NA,NA,NA,NA,NA,NA,NA,NA,NA,NA,NA,NA,-3.658e+09,NA,NA
"current_account","Pakistan","PK","PAK",2013,NA,NA,NA,NA,NA,NA,NA,NA,NA,NA,NA,NA,NA,NA,NA,-4.416e+09,NA,NA
"current_account","Pakistan","PK","PAK",2012,NA,NA,NA,NA,NA,NA,NA,NA,NA,NA,NA,NA,NA,NA,NA,-2.342e+09,NA,NA
"current_account","Pakistan","PK","PAK",2011,NA,NA,NA,NA,NA,NA,NA,NA,NA,NA,NA,NA,NA,NA,NA,-2.207e+09,NA,NA
"current_account","Pakistan","PK","PAK",2010,NA,NA,NA,NA,NA,NA,NA,NA,NA,NA,NA,NA,NA,NA,NA,-1.354e+09,NA,NA
"current_account","Pakistan","PK","PAK",2009,NA,NA,NA,NA,NA,NA,NA,NA,NA,NA,NA,NA,NA,NA,NA,-3993430000,NA,NA
"current_account","Pakistan","PK","PAK",2008,NA,NA,NA,NA,NA,NA,NA,NA,NA,NA,NA,NA,NA,NA,NA,-15654500000,NA,NA
"current_account","Pakistan","PK","PAK",2007,NA,NA,NA,NA,NA,NA,NA,NA,NA,NA,NA,NA,NA,NA,NA,-8.301e+09,NA,NA
"current_account","Pakistan","PK","PAK",2006,NA,NA,NA,NA,NA,NA,NA,NA,NA,NA,NA,NA,NA,NA,NA,-6.747e+09,NA,NA
"current_account","Pakistan","PK","PAK",2005,NA,NA,NA,NA,NA,NA,NA,NA,NA,NA,NA,NA,NA,NA,NA,-3606200000,NA,NA
"current_account","Pakistan","PK","PAK",2004,NA,NA,NA,NA,NA,NA,NA,NA,NA,NA,NA,NA,NA,NA,NA,-8.17e+08,NA,NA
"current_account","Pakistan","PK","PAK",2003,NA,NA,NA,NA,NA,NA,NA,NA,NA,NA,NA,NA,NA,NA,NA,3.573e+09,NA,NA
"current_account","Pakistan","PK","PAK",2002,NA,NA,NA,NA,NA,NA,NA,NA,NA,NA,NA,NA,NA,NA,NA,3.854e+09,NA,NA
"current_account","Pakistan","PK","PAK",2001,NA,NA,NA,NA,NA,NA,NA,NA,NA,NA,NA,NA,NA,NA,NA,1.878e+09,NA,NA
"current_account","Pakistan","PK","PAK",2000,NA,NA,NA,NA,NA,NA,NA,NA,NA,NA,NA,NA,NA,NA,NA,-8.5e+07,NA,NA
"current_account","Pakistan","PK","PAK",1999,NA,NA,NA,NA,NA,NA,NA,NA,NA,NA,NA,NA,NA,NA,NA,-9.2e+08,NA,NA
"current_account","Pakistan","PK","PAK",1998,NA,NA,NA,NA,NA,NA,NA,NA,NA,NA,NA,NA,NA,NA,NA,-2.248e+09,NA,NA
"current_account","Pakistan","PK","PAK",1997,NA,NA,NA,NA,NA,NA,NA,NA,NA,NA,NA,NA,NA,NA,NA,-1711627499.40942,NA,NA
"current_account","Pakistan","PK","PAK",1996,NA,NA,NA,NA,NA,NA,NA,NA,NA,NA,NA,NA,NA,NA,NA,-4436052632.56066,NA,NA
"current_account","Pakistan","PK","PAK",1995,NA,NA,NA,NA,NA,NA,NA,NA,NA,NA,NA,NA,NA,NA,NA,-3348753667.41658,NA,NA
"current_account","Pakistan","PK","PAK",1994,NA,NA,NA,NA,NA,NA,NA,NA,NA,NA,NA,NA,NA,NA,NA,-1812130082.18639,NA,NA
"current_account","Pakistan","PK","PAK",1993,NA,NA,NA,NA,NA,NA,NA,NA,NA,NA,NA,NA,NA,NA,NA,-2900570428.99427,NA,NA
"current_account","Pakistan","PK","PAK",1992,NA,NA,NA,NA,NA,NA,NA,NA,NA,NA,NA,NA,NA,NA,NA,-1876092232.98054,NA,NA
"current_account","Pakistan","PK","PAK",1991,NA,NA,NA,NA,NA,NA,NA,NA,NA,NA,NA,NA,NA,NA,NA,-1266420091.89181,NA,NA
"current_account","Pakistan","PK","PAK",1990,NA,NA,NA,NA,NA,NA,NA,NA,NA,NA,NA,NA,NA,NA,NA,-1661409654.56822,NA,NA
"debt_external","Pakistan","PK","PAK",2023,NA,NA,NA,NA,NA,NA,NA,NA,NA,NA,NA,NA,NA,NA,NA,NA,130847370987.4,NA
"debt_external","Pakistan","PK","PAK",2022,NA,NA,NA,NA,NA,NA,NA,NA,NA,NA,NA,NA,NA,NA,NA,NA,127708005954.8,NA
"debt_external","Pakistan","PK","PAK",2021,NA,NA,NA,NA,NA,NA,NA,NA,NA,NA,NA,NA,NA,NA,NA,NA,130851037023.9,NA
"debt_external","Pakistan","PK","PAK",2020,NA,NA,NA,NA,NA,NA,NA,NA,NA,NA,NA,NA,NA,NA,NA,NA,118033657367,NA
"debt_external","Pakistan","PK","PAK",2019,NA,NA,NA,NA,NA,NA,NA,NA,NA,NA,NA,NA,NA,NA,NA,NA,110177707176.5,NA
"debt_external","Pakistan","PK","PAK",2018,NA,NA,NA,NA,NA,NA,NA,NA,NA,NA,NA,NA,NA,NA,NA,NA,100199117658,NA
"debt_external","Pakistan","PK","PAK",2017,NA,NA,NA,NA,NA,NA,NA,NA,NA,NA,NA,NA,NA,NA,NA,NA,93158143047.2,NA
"debt_external","Pakistan","PK","PAK",2016,NA,NA,NA,NA,NA,NA,NA,NA,NA,NA,NA,NA,NA,NA,NA,NA,75206431382.3,NA
"debt_external","Pakistan","PK","PAK",2015,NA,NA,NA,NA,NA,NA,NA,NA,NA,NA,NA,NA,NA,NA,NA,NA,68749830505.4,NA
"debt_external","Pakistan","PK","PAK",2014,NA,NA,NA,NA,NA,NA,NA,NA,NA,NA,NA,NA,NA,NA,NA,NA,64359863497.7,NA
"debt_external","Pakistan","PK","PAK",2013,NA,NA,NA,NA,NA,NA,NA,NA,NA,NA,NA,NA,NA,NA,NA,NA,60297830475.4,NA
"debt_external","Pakistan","PK","PAK",2012,NA,NA,NA,NA,NA,NA,NA,NA,NA,NA,NA,NA,NA,NA,NA,NA,63954134989.1,NA
"debt_external","Pakistan","PK","PAK",2011,NA,NA,NA,NA,NA,NA,NA,NA,NA,NA,NA,NA,NA,NA,NA,NA,65088322904.6,NA
"debt_external","Pakistan","PK","PAK",2010,NA,NA,NA,NA,NA,NA,NA,NA,NA,NA,NA,NA,NA,NA,NA,NA,63482952104,NA
"debt_external","Pakistan","PK","PAK",2009,NA,NA,NA,NA,NA,NA,NA,NA,NA,NA,NA,NA,NA,NA,NA,NA,57000598838.8,NA
"debt_external","Pakistan","PK","PAK",2008,NA,NA,NA,NA,NA,NA,NA,NA,NA,NA,NA,NA,NA,NA,NA,NA,50185422683.6,NA
"debt_external","Pakistan","PK","PAK",2007,NA,NA,NA,NA,NA,NA,NA,NA,NA,NA,NA,NA,NA,NA,NA,NA,42604467681.2,NA
"debt_external","Pakistan","PK","PAK",2006,NA,NA,NA,NA,NA,NA,NA,NA,NA,NA,NA,NA,NA,NA,NA,NA,37723507983.7,NA
"debt_external","Pakistan","PK","PAK",2005,NA,NA,NA,NA,NA,NA,NA,NA,NA,NA,NA,NA,NA,NA,NA,NA,34578129331.9,NA
"debt_external","Pakistan","PK","PAK",2004,NA,NA,NA,NA,NA,NA,NA,NA,NA,NA,NA,NA,NA,NA,NA,NA,36934077634.9,NA
"debt_external","Pakistan","PK","PAK",2003,NA,NA,NA,NA,NA,NA,NA,NA,NA,NA,NA,NA,NA,NA,NA,NA,37037199280.5,NA
"debt_external","Pakistan","PK","PAK",2002,NA,NA,NA,NA,NA,NA,NA,NA,NA,NA,NA,NA,NA,NA,NA,NA,34320831455.5,NA
"debt_external","Pakistan","PK","PAK",2001,NA,NA,NA,NA,NA,NA,NA,NA,NA,NA,NA,NA,NA,NA,NA,NA,32367945483.1,NA
"debt_external","Pakistan","PK","PAK",2000,NA,NA,NA,NA,NA,NA,NA,NA,NA,NA,NA,NA,NA,NA,NA,NA,33109821460,NA
"debt_external","Pakistan","PK","PAK",1999,NA,NA,NA,NA,NA,NA,NA,NA,NA,NA,NA,NA,NA,NA,NA,NA,34190096147.4,NA
"debt_external","Pakistan","PK","PAK",1998,NA,NA,NA,NA,NA,NA,NA,NA,NA,NA,NA,NA,NA,NA,NA,NA,32310194703.8,NA
"debt_external","Pakistan","PK","PAK",1997,NA,NA,NA,NA,NA,NA,NA,NA,NA,NA,NA,NA,NA,NA,NA,NA,30095124742.1,NA
"debt_external","Pakistan","PK","PAK",1996,NA,NA,NA,NA,NA,NA,NA,NA,NA,NA,NA,NA,NA,NA,NA,NA,29850953918.3,NA
"debt_external","Pakistan","PK","PAK",1995,NA,NA,NA,NA,NA,NA,NA,NA,NA,NA,NA,NA,NA,NA,NA,NA,30241086482.6,NA
"debt_external","Pakistan","PK","PAK",1994,NA,NA,NA,NA,NA,NA,NA,NA,NA,NA,NA,NA,NA,NA,NA,NA,27390827116.9,NA
"debt_external","Pakistan","PK","PAK",1993,NA,NA,NA,NA,NA,NA,NA,NA,NA,NA,NA,NA,NA,NA,NA,NA,24551561529.1,NA
"debt_external","Pakistan","PK","PAK",1992,NA,NA,NA,NA,NA,NA,NA,NA,NA,NA,NA,NA,NA,NA,NA,NA,24919617589.9,NA
"debt_external","Pakistan","PK","PAK",1991,NA,NA,NA,NA,NA,NA,NA,NA,NA,NA,NA,NA,NA,NA,NA,NA,23363317172.7,NA
"debt_external","Pakistan","PK","PAK",1990,NA,NA,NA,NA,NA,NA,NA,NA,NA,NA,NA,NA,NA,NA,NA,NA,20663375831.9,NA
"reserves","Pakistan","PK","PAK",2023,NA,NA,NA,NA,NA,NA,NA,NA,NA,NA,NA,NA,NA,NA,NA,NA,NA,13730353485.3454
"reserves","Pakistan","PK","PAK",2022,NA,NA,NA,NA,NA,NA,NA,NA,NA,NA,NA,NA,NA,NA,NA,NA,NA,9926587077.28489
"reserves","Pakistan","PK","PAK",2021,NA,NA,NA,NA,NA,NA,NA,NA,NA,NA,NA,NA,NA,NA,NA,NA,NA,22811522857.5295
"reserves","Pakistan","PK","PAK",2020,NA,NA,NA,NA,NA,NA,NA,NA,NA,NA,NA,NA,NA,NA,NA,NA,NA,18521734363.9531
"reserves","Pakistan","PK","PAK",2019,NA,NA,NA,NA,NA,NA,NA,NA,NA,NA,NA,NA,NA,NA,NA,NA,NA,16586046186.2171
"reserves","Pakistan","PK","PAK",2018,NA,NA,NA,NA,NA,NA,NA,NA,NA,NA,NA,NA,NA,NA,NA,NA,NA,11837177725.8521
"reserves","Pakistan","PK","PAK",2017,NA,NA,NA,NA,NA,NA,NA,NA,NA,NA,NA,NA,NA,NA,NA,NA,NA,18455861310.286
"reserves","Pakistan","PK","PAK",2016,NA,NA,NA,NA,NA,NA,NA,NA,NA,NA,NA,NA,NA,NA,NA,NA,NA,22027605269.5237
"reserves","Pakistan","PK","PAK",2015,NA,NA,NA,NA,NA,NA,NA,NA,NA,NA,NA,NA,NA,NA,NA,NA,NA,20027864211.2597
"reserves","Pakistan","PK","PAK",2014,NA,NA,NA,NA,NA,NA,NA,NA,NA,NA,NA,NA,NA,NA,NA,NA,NA,14306811155.4783
"reserves","Pakistan","PK","PAK",2013,NA,NA,NA,NA,NA,NA,NA,NA,NA,NA,NA,NA,NA,NA,NA,NA,NA,7651260101.72058
"reserves","Pakistan","PK","PAK",2012,NA,NA,NA,NA,NA,NA,NA,NA,NA,NA,NA,NA,NA,NA,NA,NA,NA,13688479776.3039
"reserves","Pakistan","PK","PAK",2011,NA,NA,NA,NA,NA,NA,NA,NA,NA,NA,NA,NA,NA,NA,NA,NA,NA,17697925812.3776
"reserves","Pakistan","PK","PAK",2010,NA,NA,NA,NA,NA,NA,NA,NA,NA,NA,NA,NA,NA,NA,NA,NA,NA,17255570039.5703
"reserves","Pakistan","PK","PAK",2009,NA,NA,NA,NA,NA,NA,NA,NA,NA,NA,NA,NA,NA,NA,NA,NA,NA,13606125133.5603
"reserves","Pakistan","PK","PAK",2008,NA,NA,NA,NA,NA,NA,NA,NA,NA,NA,NA,NA,NA,NA,NA,NA,NA,9024013987.18211
"reserves","Pakistan","PK","PAK",2007,NA,NA,NA,NA,NA,NA,NA,NA,NA,NA,NA,NA,NA,NA,NA,NA,NA,15798067447.2965
"reserves","Pakistan","PK","PAK",2006,NA,NA,NA,NA,NA,NA,NA,NA,NA,NA,NA,NA,NA,NA,NA,NA,NA,12878021928.1544
"reserves","Pakistan","PK","PAK",2005,NA,NA,NA,NA,NA,NA,NA,NA,NA,NA,NA,NA,NA,NA,NA,NA,NA,11109358834.068
"reserves","Pakistan","PK","PAK",2004,NA,NA,NA,NA,NA,NA,NA,NA,NA,NA,NA,NA,NA,NA,NA,NA,NA,10718170456.621
"reserves","Pakistan","PK","PAK",2003,NA,NA,NA,NA,NA,NA,NA,NA,NA,NA,NA,NA,NA,NA,NA,NA,NA,11815604886.3329
"reserves","Pakistan","PK","PAK",2002,NA,NA,NA,NA,NA,NA,NA,NA,NA,NA,NA,NA,NA,NA,NA,NA,NA,8795802481.46045
"reserves","Pakistan","PK","PAK",2001,NA,NA,NA,NA,NA,NA,NA,NA,NA,NA,NA,NA,NA,NA,NA,NA,NA,4218132004.43274
"reserves","Pakistan","PK","PAK",2000,NA,NA,NA,NA,NA,NA,NA,NA,NA,NA,NA,NA,NA,NA,NA,NA,NA,2087167574.18215
"reserves","Pakistan","PK","PAK",1999,NA,NA,NA,NA,NA,NA,NA,NA,NA,NA,NA,NA,NA,NA,NA,NA,NA,2117468754.80146
"reserves","Pakistan","PK","PAK",1998,NA,NA,NA,NA,NA,NA,NA,NA,NA,NA,NA,NA,NA,NA,NA,NA,NA,1625676185.12263
"reserves","Pakistan","PK","PAK",1997,NA,NA,NA,NA,NA,NA,NA,NA,NA,NA,NA,NA,NA,NA,NA,NA,NA,1794513746.87746
"reserves","Pakistan","PK","PAK",1996,NA,NA,NA,NA,NA,NA,NA,NA,NA,NA,NA,NA,NA,NA,NA,NA,NA,1307463615.27223
"reserves","Pakistan","PK","PAK",1995,NA,NA,NA,NA,NA,NA,NA,NA,NA,NA,NA,NA,NA,NA,NA,NA,NA,2527544035.20383
"reserves","Pakistan","PK","PAK",1994,NA,NA,NA,NA,NA,NA,NA,NA,NA,NA,NA,NA,NA,NA,NA,NA,NA,3715827396.79534
"reserves","Pakistan","PK","PAK",1993,NA,NA,NA,NA,NA,NA,NA,NA,NA,NA,NA,NA,NA,NA,NA,NA,NA,1995445624.14359
"reserves","Pakistan","PK","PAK",1992,NA,NA,NA,NA,NA,NA,NA,NA,NA,NA,NA,NA,NA,NA,NA,NA,NA,1523790725.72188
"reserves","Pakistan","PK","PAK",1991,NA,NA,NA,NA,NA,NA,NA,NA,NA,NA,NA,NA,NA,NA,NA,NA,NA,1219792227.00139
"reserves","Pakistan","PK","PAK",1990,NA,NA,NA,NA,NA,NA,NA,NA,NA,NA,NA,NA,NA,NA,NA,NA,NA,1046429500.63308
